Date,Description,Category Select,Category,Subcategory,Amount EUR,Amount USD,Account,Notes,Timestamp,Year,🔐 Softr Record ID
1/1/2024,lunch on Patcherkofel,Dining → Restaurants,Dining,Restaurants,€157.80,,,,2024-09-13T14:45:02.870Z,2024,LMxEkCj67BEmKLgZdejMCf
1/2/2024,food,Shopping → Groceries,Shopping,Groceries,€7.00,,,,2024-09-13T13:49:27.679Z,2024,SyNwWeG3VABc2fPrg5RSXg
1/2/2024,lunch Mittenwald,Dining → Restaurants,Dining,Restaurants,€75.00,,,,,2024,J6MAgYWbS3L7TNmuS5QiJz
1/2/2024,coffee,Dining → Coffee Shops,Dining,Coffee Shops,€8.00,,,,,2024,rWii84SayzWww49U41fMX
1/2/2024,gas ,Automotive → Fuel,Automotive,Fuel,€70.03,,,,,2024,6gh1xgfE5WyWNueWyWZU5p
1/2/2024,Lenoardo Hotel Munich,Vacation → Accommodations,Vacation,Accommodations,€116.70,,Citizens,,,2024,76pPZFcRyp7bBheEetJyoJ
1/2/2024,Mittenwald souvenirs,Vacation → Other,Vacation,Other,€8.00,,,,,2024,TtWgpKb6BSVdQ7FLXLTTCQ
1/2/2024,lunch december,Dining → Restaurants,Dining,Restaurants,€28.40,,,,,2024,R7XmQsP27ZzxXu9GkC6vav
1/3/2024,Lenoardo Hotel Munich,Vacation → Accommodations,Vacation,Accommodations,€197.50,,Citizens,,,2024,QaS5Bb7GDMtDq5t2wSrHp6
1/3/2024,Munich MHD,Vacation → Other,Vacation,Other,€17.40,,,,,2024,LqfEzbWmqmT4EYFRkXxGrZ
1/3/2024,Bolt munich,Vacation → Other,Vacation,Other,€30.60,,,,,2024,AKoir9oQ9ZeyRY9MBuvMXJ
1/4/2024,McDonalds,Dining → Restaurants,Dining,Restaurants,€35.70,,,,,2024,2WmuT9kzkpwMiwo78No4fw
1/4/2024,gas station food,Automotive → Fuel,Automotive,Fuel,€83.00,,,,,2024,GZMgS5UA9HrYpvK3ZYcaGS
1/4/2024,snacks,Shopping → Groceries,Shopping,Groceries,€10.00,,,,,2024,AYNGEZ9nXCftezU8s4diQX
1/4/2024,Deutsches Museum Munich,Sports & Leisure → Museums & Galleries,Sports & Leisure,Museums & Galleries,€31.00,,,,,2024,H3rXYYFJtTX9LK6qhsbpnr
1/4/2024,Lego shop Munich,Shopping → Gifts,Shopping,Gifts,€18.00,,,,,2024,4AbgFmJ3tqA9a6rmSeAMGG
1/5/2024,food,Shopping → Groceries,Shopping,Groceries,€54.53,,,,,2024,6dPbdq1QfUxHek8Lx9oeow
1/5/2024,Test,Other,Other,,,"$1,000.00",,,2024-09-13T14:34:33.907Z,,SNLA8UexiVSrFH9NbQ9t5n
1/8/2024,food,Shopping → Groceries,Shopping,Groceries,€10.05,,,,,2024,4vLmb93vhW7GrvaUTd3iBN
1/8/2024,calendar,Shopping → Office Supplies,Shopping,Office Supplies,€5.60,,,,,2024,LTwG5RFiGAVqkrkUwAW3E3
1/8/2024,calendar,Shopping → Office Supplies,Shopping,Office Supplies,€9.50,,,,,2024,DBBZQ3q9rd3FLTTTwM8vCV
1/8/2024,držiak do auta,Shopping → Office Supplies,Shopping,Office Supplies,€10.00,,,,,2024,5B1AfWyU2D39ZSJLi4ssos
1/8/2024,Nay stuff for home,Home & Garden → Home Repairs & Maintenance,Home & Garden,Home Repairs & Maintenance,€9.20,,,,,2024,9vNXry4PWoRfxZtjjnzq89
1/8/2024,iphone cover,Shopping → Office Supplies,Shopping,Office Supplies,€8.00,,,,,2024,HJ5S9rPDkPeAx8nYni7s9q
1/8/2024,BB backpack,Shopping → BB,Shopping,BB,€9.29,,,,,2024,5nzrte3yzdHdMrKRNr963S
1/9/2024,"olive oil, wine",Shopping → Groceries,Shopping,Groceries,€67.80,,,,,2024,UpaWx9dgA6hn3eo8UuHzJb
1/9/2024,cake ,Dining → Coffee Shops,Dining,Coffee Shops,€10.00,,,,,2024,Kke3atjpWARpFk9FinCXSY
1/9/2024,Ikea dinner,Dining → Restaurants,Dining,Restaurants,€26.00,,,,,2024,Xq8ST1gHeBKfoB5EzJmsHL
1/9/2024,customs fee,Other,Other,,€10.00,,,,,2024,X2UsrSpN4RadULVVFmvAs4
1/9/2024,IKEA dresser and stuff,Home & Garden → Furniture,Home & Garden,Furniture,€281.05,,,,,2024,PrEJ3iV4VrKjpSKjMC61Jv
1/10/2024,"toothpaste, tampons",Shopping → Health & Beauty,Shopping,Health & Beauty,€9.30,,,,,2024,DJ94EEpA1bGG7UpXesKbqj
1/10/2024,food,Shopping → Groceries,Shopping,Groceries,€13.06,,,,,2024,AcAHioBajaea8JAeXyQnAp
1/10/2024,Ryan work,Shopping → Electronics,Shopping,Electronics,€10.00,,,,,2024,V2YH8JDiq77RxFJhyDWiVy
1/11/2024,gas station food,Dining → Restaurants,Dining,Restaurants,€16.00,,,,,2024,Ad1PJo3sQEaz4c9ixfFmpo
1/11/2024,Vinnay rest,Dining → Restaurants,Dining,Restaurants,€70.00,,,,,2024,NwDMyrc2ZhX6WeM3DL7Xqu
1/11/2024,gas ,Automotive → Fuel,Automotive,Fuel,€56.70,,,,,2024,V9HdaK62ADyzYk1kD27Ud8
1/11/2024,toy,Shopping → Alex,Shopping,Alex,€8.88,,,,,2024,Zys8toKJp4YuoaHzeNHwb
1/12/2024,Vinnay rest,Dining → Restaurants,Dining,Restaurants,€45.00,,,,,2024,Hkqz4MUR3Fz6vxWcJqVEQH
1/12/2024,fast food,Dining → Restaurants,Dining,Restaurants,€5.49,,,,,2024,kU5ZiheiNHikcbvwhrPjx
1/12/2024,fast food,Dining → Restaurants,Dining,Restaurants,€3.50,,,,,2024,GqW6zu6Lr8w6S1nGePq2xn
1/12/2024,gas ,Automotive → Fuel,Automotive,Fuel,€61.60,,,,,2024,HedadYzWcmLqbmS1ms3yJ2
1/12/2024,snacks,Shopping → Groceries,Shopping,Groceries,€20.00,,,,,2024,T8JFZ6brtqgeJVsdBkvWo5
1/12/2024,Rusty Fox penzion,Vacation → Accommodations,Vacation,Accommodations,€195.50,,,,,2024,6W1LV7tpxvQYmM28gGxBoP
1/13/2024,pizza,Dining → Restaurants,Dining,Restaurants,€35.00,,,,,2024,KLgM9VoY8gJ5XRt1FyWXyH
1/13/2024,Amazon,"Shopping → Clothing, Shoes & Accessories",Shopping,"Clothing, Shoes & Accessories",€16.25,,,,,2024,Xk7Papkjc8rthpSowtD6m2
1/15/2024,food,Shopping → Groceries,Shopping,Groceries,€18.17,,,,,2024,Pk6fr1A4KVHtD7r8KnWep7
1/15/2024,MHD BA,Transportation → Buses,Transportation,Buses,€15.00,,,,,2024,KYMcLzGSNpYLXkheP1RDs
1/16/2024,food,Shopping → Groceries,Shopping,Groceries,€3.44,,,,,2024,9kMQSZKua9r1P6yG8yw14o
1/16/2024,lunch,Dining → Restaurants,Dining,Restaurants,€13.00,,,,,2024,FiY9r8g2oEH9JghXmsbbKt
1/16/2024,food,Shopping → Groceries,Shopping,Groceries,€50.55,,,,,2024,2yrDRX1hSkEVd3oSpqkZmG
1/17/2024,transportation to BA,Transportation → Trains,Transportation,Trains,€52.40,,,,,2024,7iRXvfJTJYMt4fjbrNhehu
1/18/2024,meds,Healthcare → Vitamins & Supplements,Healthcare,Vitamins & Supplements,€15.87,,PrimaBanka,,2024-02-08T10:47:31.105Z,2024,AHuxQBysZRL9KnjMSpqshb
1/18/2024,food,Shopping → Groceries,Shopping,Groceries,€143.11,,,,,2024,VJr4SeEeBWbNaZbPN4AJGy
1/18/2024,food,Shopping → Groceries,Shopping,Groceries,€13.85,,,,,2024,VBMBVvQVcRJhgCy53JEV5u
1/18/2024,gas,Automotive → Fuel,Automotive,Fuel,€62.00,,,,,2024,17me9vMKGFUjJ1wVcWz2t3
1/18/2024,gas,Automotive → Fuel,Automotive,Fuel,€35.00,,,,,2024,DiXcVgwcEiudPhcRffaQCu
1/18/2024,"headphones, Frozen toothbrush",Shopping → Electronics,Shopping,Electronics,€69.00,,,,,2024,WCN4NinrqX4jihyVnjZS9J
1/18/2024,Decathlon,"Shopping → Clothing, Shoes & Accessories",Shopping,"Clothing, Shoes & Accessories",€118.30,,,,,2024,Tu4dzvjYbTSBPRde9Fje1J
1/19/2024,pizza,Dining → Restaurants,Dining,Restaurants,€37.00,,,,,2024,TcbCQtoJZCLow7LyV7N9B7
1/19/2024,Rusty fox penzion,Vacation → Accommodations,Vacation,Accommodations,€145.00,,,,,2024,WoeN4GQYdah4Qt3ZTadfvk
1/20/2024,batteries,Shopping → Office Supplies,Shopping,Office Supplies,€29.70,,,,,2024,7A7DdTSgt5tMoWodF9nwMv
1/20/2024,food,Shopping → Groceries,Shopping,Groceries,€13.00,,,,,2024,DwfHjv6LCBTxrYXzyGeXJr
1/20/2024,car wash,Automotive → Maintenance & Repairs,Automotive,Maintenance & Repairs,€10.00,,,,,2024,RNc13qbWaWjK54HXUJhyC1
1/22/2024,meds,Healthcare → Vitamins & Supplements,Healthcare,Vitamins & Supplements,€24.91,,,,,2024,Cn44CqX5bFvjxySZnJ5TEV
1/22/2024,Omron inhalator,Healthcare → Vitamins & Supplements,Healthcare,Vitamins & Supplements,€55.80,,,,,2024,XruQyfW6RmYNF8w6ThVtNS
1/23/2024,food,Shopping → Groceries,Shopping,Groceries,€63.62,,,,,2024,Qwya2US6FmSuJqrU4div3D
1/23/2024,slipy Alex,"Shopping → Clothing, Shoes & Accessories",Shopping,"Clothing, Shoes & Accessories",€5.00,,,,,2024,Cc1UaR6BKpmTBWdKQbqUG2
1/23/2024,101 drogeria,Shopping → Health & Beauty,Shopping,Health & Beauty,€33.76,,,,,2024,3gLVbbdBASc8M2fHxCiKrQ
1/23/2024,magazines ,Shopping → Books & Hobbies,Shopping,Books & Hobbies,€11.50,,,,,2024,7HyDwu9Abu6vsWQHhNTGYf
1/25/2024,"covid tests, vincentka",Healthcare → Vitamins & Supplements,Healthcare,Vitamins & Supplements,€30.84,,PrimaBanka,,,2024,XLHpMVDjUi1uf1ZyAWtnYZ
1/25/2024,food,Shopping → Groceries,Shopping,Groceries,€21.04,,,,,2024,8rsQ4iUjW4jNEWYZYNwQyT
1/25/2024,cake coffee,Dining → Coffee Shops,Dining,Coffee Shops,€8.00,,,,,2024,2fwbT6SL1uZeyYwM5k76SD
1/25/2024,lunch,Dining → Restaurants,Dining,Restaurants,€13.60,,,,,2024,PLdoxUHH9EVK5okFh5ozxV
1/26/2024,meds,Healthcare → Medicine & Prescriptions,Healthcare,Medicine & Prescriptions,€7.83,,,,,2024,AVn56TS3Ai684VjvRimSa2
1/26/2024,mesh network,Shopping → Electronics,Shopping,Electronics,€388.48,,,,,2024,LycTMz6DoCuXKkcx7dqSrd
1/28/2024,food,Shopping → Groceries,Shopping,Groceries,€68.88,,,,,2024,6CRCgGW7XSRuvP8vyPiow5
1/28/2024,cake and coffee,Dining → Coffee Shops,Dining,Coffee Shops,€13.00,,,,,2024,MQ6SXJQmHJZ14c6mcsPgX5
1/28/2024,gas,Automotive → Fuel,Automotive,Fuel,€75.07,,,,,2024,XZARA5fA2gqQphwENhuwLM
1/29/2024,meds,Healthcare → Medicine & Prescriptions,Healthcare,Medicine & Prescriptions,€51.15,,,,,2024,CxnQKC7p6xnDn3uA5nyPbi
1/29/2024,meds kids,Healthcare → Medicine & Prescriptions,Healthcare,Medicine & Prescriptions,€10.68,,,,,2024,K3ZTx3vijMELm84A5igkgR
1/30/2024,"probiotiky, cucatka",Healthcare → Vitamins & Supplements,Healthcare,Vitamins & Supplements,€10.17,,PrimaBanka,,2024-02-08T10:47:08.082Z,2024,N8Gi7z9FWVQvacFEqHSsEK
1/30/2024,Kik,Shopping → Office Supplies,Shopping,Office Supplies,€11.00,,,,,2024,Cd7xhC2avjxXMt9deepD5u
1/30/2024,101 drogeria,Shopping → Health & Beauty,Shopping,Health & Beauty,€14.56,,,,,2024,MeUTWRv6zZ3BbsqUpR3k9g
1/31/2024,food,Shopping → Groceries,Shopping,Groceries,€4.78,,,,,2024,VjsLZ2t76dpFnHr3NfnBkV
2/1/2024,food,Shopping → Groceries,Shopping,Groceries,€44.28,,,,2024-03-14T08:54:12.324Z,2024,QVbeCTrPDQ54JojSTcbppY
2/2/2024,food,Shopping → Groceries,Shopping,Groceries,€25.40,,,,2024-03-14T08:55:14.085Z,2024,875FZhWzJgDLutmXcyZMzp
2/2/2024,eat out,Dining → Restaurants,Dining,Restaurants,€28.00,,,,2024-03-14T08:56:53.089Z,2024,RedW7FPusi1gbgGmDwPo32
2/2/2024,vypis RT,Other,Other,,€7.80,,,,2024-03-14T09:22:56.396Z,2024,4Nq7Ei6YVv5KULS4GrSKHE
2/3/2024,food,Shopping → Groceries,Shopping,Groceries,€34.00,,,,2024-03-14T08:56:15.412Z,2024,XPk1Z5yU3aVWLi72U8ycq9
2/3/2024,Bibi tennis shoes,Shopping → BB,Shopping,BB,€13.50,,,,2024-03-14T09:16:34.937Z,2024,Rp6Lyr5FHxPC2k5yGNmrLy
2/3/2024,kino,Sports & Leisure → Movies,Sports & Leisure,Movies,€6.00,,,,2024-03-14T13:09:49.570Z,2024,5NqAnFeEUxHWxXWzY6qHyn
2/5/2024,food,Shopping → Groceries,Shopping,Groceries,€52.32,,,,2024-03-14T08:54:33.269Z,2024,AF6z2sjkCJWoxPhffpj6gD
2/5/2024,snack kids,Shopping → Groceries,Shopping,Groceries,€3.18,,,,2024-03-14T08:55:45.795Z,2024,VnUdfyeR7hodEiocNAMWFw
2/5/2024,food,Shopping → Groceries,Shopping,Groceries,€5.30,,,,2024-03-14T08:57:46.786Z,2024,DT1zs9vfQi9rhq7t5ToR67
2/5/2024,office supplies,Shopping → Office Supplies,Shopping,Office Supplies,€7.00,,,,2024-03-14T09:14:51.808Z,2024,UgxdkXGX9wXNZYobVnspZU
2/6/2024,STK,Automotive → Maintenance & Repairs,Automotive,Maintenance & Repairs,€90.00,,,,2024-03-14T09:14:17.673Z,2024,QU317E3otYsqeqH56JzN83
2/6/2024,JYSK,Home & Garden → Home Décor,Home & Garden,Home Décor,€38.00,,,,2024-03-14T09:16:27.279Z,2024,V9TXX4uU6mzp4xxtrE19CE
2/6/2024,contact lenses,Healthcare → Medicine & Prescriptions,Healthcare,Medicine & Prescriptions,€48.00,,,,2024-03-14T09:22:08.845Z,2024,GfXnhrXBWPT6jgfKycQseP
2/8/2024,?,"Shopping → Clothing, Shoes & Accessories",Shopping,"Clothing, Shoes & Accessories",€15.90,,,,2024-03-14T09:17:30.700Z,2024,SzBkTugNpvLgpPvN7tE9f2
2/8/2024,??,"Shopping → Clothing, Shoes & Accessories",Shopping,"Clothing, Shoes & Accessories",€25.00,,,,2024-03-14T09:24:59.480Z,2024,
2/9/2024,coffee,Dining → Coffee Shops,Dining,Coffee Shops,€2.20,,,,2024-03-14T08:59:46.971Z,2024,
2/9/2024,snacks,Shopping → Groceries,Shopping,Groceries,€5.10,,,,2024-03-14T09:00:15.236Z,2024,
2/9/2024,mcdonalds lunch,Dining → Restaurants,Dining,Restaurants,€12.20,,,,2024-03-14T09:00:49.907Z,2024,
2/9/2024,food,Shopping → Groceries,Shopping,Groceries,€46.65,,,,2024-03-14T09:01:27.260Z,2024,
2/9/2024,lunch,Dining → Restaurants,Dining,Restaurants,€14.00,,,,2024-03-14T09:02:05.721Z,2024,
2/9/2024,funnyland,Sports & Leisure → Events,Sports & Leisure,Events,€7.00,,,,2024-03-14T09:25:02.660Z,2024,
2/11/2024,food,Shopping → Groceries,Shopping,Groceries,€17.81,,,,2024-03-14T08:58:55.002Z,2024,
2/12/2024,brekky,Shopping → Groceries,Shopping,Groceries,€4.40,,,,2024-03-14T09:03:36.900Z,2024,
2/12/2024,dinner pizza,Dining → Restaurants,Dining,Restaurants,€22.00,,,,2024-03-14T09:03:18.184Z,2024,
2/12/2024,?,Other,Other,,€5.00,,,,2024-03-14T09:26:22.021Z,2024,
2/13/2024,chocolate,Shopping → Groceries,Shopping,Groceries,€7.00,,,,2024-03-14T09:04:12.432Z,2024,
2/13/2024,toy bottle,Shopping → Alex,Shopping,Alex,€14.28,,,,2024-03-14T09:20:41.795Z,2024,
2/14/2024,food,Shopping → Groceries,Shopping,Groceries,€3.50,,,,2024-03-14T09:04:49.321Z,2024,
2/14/2024,food,Shopping → Groceries,Shopping,Groceries,€6.00,,,,2024-03-14T09:05:49.890Z,2024,
2/14/2024,sweets,Shopping → Groceries,Shopping,Groceries,€8.00,,,,2024-03-14T09:06:23.290Z,2024,
2/15/2024,food,Shopping → Groceries,Shopping,Groceries,€9.85,,,,2024-03-14T09:05:24.228Z,2024,
2/15/2024,food,Shopping → Groceries,Shopping,Groceries,€77.14,,,,2024-03-14T09:07:34.202Z,2024,
2/16/2024,food,Shopping → Groceries,Shopping,Groceries,€4.30,,,,2024-03-14T09:06:58.940Z,2024,
2/16/2024,gas,Automotive → Fuel,Automotive,Fuel,€57.11,,,,2024-03-14T09:18:49.345Z,2024,
2/16/2024,harmacy,Healthcare → Medicine & Prescriptions,Healthcare,Medicine & Prescriptions,€30.65,,,,2024-03-14T09:20:19.922Z,2024,
2/17/2024,Whiskey,Shopping → Gifts,Shopping,Gifts,€21.00,,,,2024-03-14T09:51:40.320Z,2024,
2/17/2024,SME subscriptio,Subscriptions,Subscriptions,,€29.00,,,,2024-03-14T13:07:17.505Z,2024,
2/18/2024,eat out ,Dining → Restaurants,Dining,Restaurants,€9.00,,,,2024-03-14T09:08:30.304Z,2024,
2/18/2024,wine ,Shopping → Groceries,Shopping,Groceries,€16.00,,,,2024-03-14T09:27:43.345Z,2024,
2/18/2024,IKEA,Home & Garden → Home Décor,Home & Garden,Home Décor,€40.00,,,,2024-03-14T09:28:31.330Z,2024,
2/18/2024,muničák ?,"Shopping → Clothing, Shoes & Accessories",Shopping,"Clothing, Shoes & Accessories",€28.00,,,,2024-03-14T13:05:55.901Z,2024,
2/18/2024,Cinemaware ? tickes?,Sports & Leisure → Movies,Sports & Leisure,Movies,€39.00,,,,2024-03-14T13:06:41.395Z,2024,
2/19/2024,brekky and snacks,Shopping → Groceries,Shopping,Groceries,8:35,,,,2024-03-14T09:09:44.409Z,2024,
2/20/2024,magazines ,Shopping → Books & Hobbies,Shopping,Books & Hobbies,€6.00,,,,2024-03-14T09:51:10.726Z,2024,
2/20/2024,Mimeo photobook,Other,Other,,€154.00,,,,2024-03-14T13:07:32.425Z,2024,
2/21/2024,food,Shopping → Groceries,Shopping,Groceries,€5.50,,,,2024-03-14T09:10:52.558Z,2024,
2/21/2024,food,Shopping → Groceries,Shopping,Groceries,€62.00,,,,2024-03-14T09:11:48.148Z,2024,
2/21/2024,stuff,Shopping → Health & Beauty,Shopping,Health & Beauty,€16.23,,,,2024-03-14T09:21:20.832Z,2024,
2/22/2024,Mary KAy,Shopping → Health & Beauty,Shopping,Health & Beauty,€137.75,,,,2024-03-14T09:12:43.607Z,2024,
2/22/2024,lunch,Dining → Restaurants,Dining,Restaurants,€22.00,,,,2024-03-14T12:50:26.315Z,2024,
2/22/2024,gift to wikipedia,Shopping → Gifts,Shopping,Gifts,€21.00,,,,2024-03-14T13:03:56.979Z,2024,
2/23/2024,drinks out,Dining → Bars & Drinks,Dining,Bars & Drinks,€30.30,,,,2024-03-14T08:48:52.002Z,2024,
2/23/2024,food,Shopping → Groceries,Shopping,Groceries,€46.44,,,,2024-03-14T08:50:09.023Z,2024,
2/25/2024,food,Shopping → Groceries,Shopping,Groceries,€67.02,,,,2024-03-14T08:50:51.127Z,2024,
2/26/2024,food and diapers,Shopping → Groceries,Shopping,Groceries,€23.25,,,,2024-03-14T08:47:28.373Z,2024,
2/26/2024,food,Shopping → Groceries,Shopping,Groceries,€10.52,,,,2024-03-14T08:58:12.509Z,2024,
2/26/2024,alpha h gift for me :) ,Shopping → Health & Beauty,Shopping,Health & Beauty,€50.90,,,,2024-03-14T13:04:05.168Z,2024,
2/27/2024,brekky,Shopping → Groceries,Shopping,Groceries,€9.14,,,,2024-03-14T08:53:14.380Z,2024,
2/27/2024,meds,Healthcare → Medicine & Prescriptions,Healthcare,Medicine & Prescriptions,€2.56,,,,2024-03-14T09:13:34.053Z,2024,
2/28/2024,food brekky,Shopping → Groceries,Shopping,Groceries,€5.55,,,,2024-03-14T08:51:47.816Z,2024,
2/28/2024,snacks,Shopping → Groceries,Shopping,Groceries,€2.40,,,,2024-03-14T08:52:22.027Z,2024,
2/28/2024,snacks,Shopping → Groceries,Shopping,Groceries,€1.20,,,,2024-03-14T12:50:58.275Z,2024,
2/28/2024,trains to BA naďa,Transportation → Trains,Transportation,Trains,€92.75,,,,2024-03-14T12:54:39.746Z,2024,
2/28/2024,MHD app,Transportation → Buses,Transportation,Buses,€15.00,,,,2024-03-14T12:54:59.769Z,2024,
2/28/2024,Markiza lunches 7x,Dining → Restaurants,Dining,Restaurants,€42.00,,,,2024-03-14T12:56:02.938Z,2024,
2/29/2024,food,Shopping → Groceries,Shopping,Groceries,€40.29,,,,2024-03-14T08:48:15.680Z,2024,
2/29/2024,food lidl,Shopping → Groceries,Shopping,Groceries,€135.00,,,,2024-03-14T13:00:29.060Z,2024,
3/1/2024,eat out kviz,Dining → Restaurants,Dining,Restaurants,€30.00,,,,2024-03-14T13:26:52.487Z,2024,
3/1/2024,lunch   ,Dining → Restaurants,Dining,Restaurants,€15.00,,,,2024-03-14T13:28:42.309Z,2024,
3/1/2024,meds,Healthcare → Medicine & Prescriptions,Healthcare,Medicine & Prescriptions,€4.44,,,,2024-03-14T13:31:10.644Z,2024,
3/3/2024,coffee and cake,Dining → Coffee Shops,Dining,Coffee Shops,€18.00,,,,2024-03-14T13:26:11.503Z,2024,
3/3/2024,food,Shopping → Groceries,Shopping,Groceries,€55.71,,,,2024-03-14T13:29:20.502Z,2024,
3/3/2024,Dcathlon,"Shopping → Clothing, Shoes & Accessories",Shopping,"Clothing, Shoes & Accessories",€30.00,,,,2024-03-14T13:30:32.885Z,2024,
3/4/2024,magazine for alex,Shopping → Alex,Shopping,Alex,€3.50,,,,2024-03-14T13:24:52.038Z,2024,
3/4/2024,food,Shopping → Groceries,Shopping,Groceries,€4.50,,,,2024-03-14T13:25:28.258Z,2024,
3/5/2024,brekky,Shopping → Groceries,Shopping,Groceries,€6.30,,,,2024-03-14T13:24:04.334Z,2024,
3/5/2024,train BA,Transportation → Trains,Transportation,Trains,€25.30,,,,2024-03-14T13:39:24.532Z,2024,
3/6/2024,DM,Shopping → Health & Beauty,Shopping,Health & Beauty,€34.20,,,,2024-03-14T13:14:52.193Z,2024,
3/6/2024,dentist Bibi,Healthcare → Dental Care,Healthcare,Dental Care,€44.00,,,,2024-03-14T13:21:16.422Z,2024,
3/6/2024,lunhc kebab,Dining → Restaurants,Dining,Restaurants,€12.00,,,,2024-03-14T13:23:17.755Z,2024,
3/6/2024,gas,Automotive → Fuel,Automotive,Fuel,€66.00,,,,2024-03-14T13:32:22.331Z,2024,
3/6/2024,food,Shopping → Groceries,Shopping,Groceries,€30.83,,,,2024-03-14T13:33:48.261Z,2024,
3/6/2024,lunch,Dining → Restaurants,Dining,Restaurants,€9.55,,,,2024-03-14T13:34:36.602Z,2024,
3/7/2024,101,Shopping → Health & Beauty,Shopping,Health & Beauty,€6.56,,,,2024-03-14T13:11:16.445Z,2024,
3/7/2024,food,Shopping → Groceries,Shopping,Groceries,€2.75,,,,2024-03-14T13:22:01.584Z,2024,
3/7/2024,kik,"Shopping → Clothing, Shoes & Accessories",Shopping,"Clothing, Shoes & Accessories",€16.00,,,,2024-03-14T13:35:36.562Z,2024,
3/7/2024,kik,Shopping → Office Supplies,Shopping,Office Supplies,€17.00,,,,2024-03-14T13:36:40.977Z,2024,
3/8/2024,food,Shopping → Groceries,Shopping,Groceries,€96.75,,,,2024-03-14T13:20:20.839Z,2024,
3/8/2024,Gazda garden ,Home & Garden → Garden Supplies & Plants,Home & Garden,Garden Supplies & Plants,€37.70,,,,2024-03-14T13:38:25.353Z,2024,
3/9/2024,lunch in TN,Dining → Restaurants,Dining,Restaurants,€28.00,,,,2024-03-14T13:19:29.227Z,2024,
3/9/2024,train TN,Transportation → Trains,Transportation,Trains,€7.00,,,,2024-03-14T13:39:51.526Z,2024,
3/11/2024,orofar,Healthcare → Vitamins & Supplements,Healthcare,Vitamins & Supplements,€9.29,,,,2024-03-14T13:15:29.684Z,2024,
3/11/2024,zahrada supplies,Home & Garden → Garden Supplies & Plants,Home & Garden,Garden Supplies & Plants,€10.70,,,,2024-03-14T13:16:16.616Z,2024,
3/11/2024,vitamins,Healthcare → Vitamins & Supplements,Healthcare,Vitamins & Supplements,€8.50,,,,2024-03-14T13:18:11.290Z,2024,
3/11/2024,food,Shopping → Groceries,Shopping,Groceries,€2.85,,,,2024-03-14T13:27:27.547Z,2024,
3/11/2024,coffee and cake,Dining → Coffee Shops,Dining,Coffee Shops,€4.00,,,,2024-03-14T13:28:01.855Z,2024,
3/12/2024,office supp,Shopping → Office Supplies,Shopping,Office Supplies,€11.00,,,,2024-03-14T13:12:48.863Z,2024,
3/12/2024,post office,Other,Other,,€2.80,,,,2024-03-14T13:12:23.853Z,2024,
3/12/2024,Alex - birth certif,Other,Other,,€5.00,,,,2024-03-14T13:13:15.102Z,2024,
3/13/2024,food,Shopping → Groceries,Shopping,Groceries,€46.58,,,,2024-03-14T13:14:10.794Z,2024,
3/13/2024,Alza toner,Shopping → Office Supplies,Shopping,Office Supplies,€51.50,,,,2024-03-14T13:42:07.877Z,2024,
3/15/2024,billa,Shopping → Groceries,Shopping,Groceries,€39.23,,,,2024-04-17T17:07:01.309Z,2024,
3/15/2024,drogerie 101,Shopping → Health & Beauty,Shopping,Health & Beauty,€38.29,,,,2024-04-17T17:11:30.369Z,2024,
3/19/2024,Billa,Shopping → Groceries,Shopping,Groceries,€73.11,,,,2024-04-17T17:05:41.018Z,2024,
3/19/2024,slnečnica,Shopping → Pets,Shopping,Pets,€3.60,,,,2024-04-17T17:15:04.338Z,2024,
3/20/2024,cafe,Dining → Coffee Shops,Dining,Coffee Shops,€9.40,,,,2024-04-17T17:05:18.213Z,2024,
3/20/2024,OBI,Home & Garden → Garden Supplies & Plants,Home & Garden,Garden Supplies & Plants,€78.00,,,,2024-04-17T17:10:21.300Z,2024,
3/21/2024,potfajka,Shopping → Groceries,Shopping,Groceries,€17.34,,,,2024-04-17T17:04:02.251Z,2024,
3/21/2024,Dr max,Healthcare → Vitamins & Supplements,Healthcare,Vitamins & Supplements,€30.77,,,,2024-04-17T17:06:17.874Z,2024,
3/21/2024,papiernictvo,Shopping → Office Supplies,Shopping,Office Supplies,€9.20,,,,2024-04-17T17:07:52.300Z,2024,
3/21/2024,kik,"Shopping → Clothing, Shoes & Accessories",Shopping,"Clothing, Shoes & Accessories",€9.09,,,,2024-04-17T17:08:32.116Z,2024,
3/21/2024,pepco,Home & Garden → Home Décor,Home & Garden,Home Décor,€16.65,,,,2024-04-17T17:10:28.842Z,2024,
3/21/2024,,Shopping → Groceries,Shopping,Groceries,€3.67,,,,2024-04-17T17:15:39.558Z,2024,
3/22/2024,snacks,Shopping → Groceries,Shopping,Groceries,€4.35,,,,2024-04-17T16:57:40.723Z,2024,
3/25/2024,pekaren,Shopping → Groceries,Shopping,Groceries,€6.30,,,,2024-04-17T17:02:34.352Z,2024,
3/25/2024,dr. max,Healthcare → Medicine & Prescriptions,Healthcare,Medicine & Prescriptions,€19.57,,,,2024-04-17T17:03:20.710Z,2024,
3/26/2024,lidl,Shopping → Groceries,Shopping,Groceries,€81.00,,,,2024-04-17T16:56:52.414Z,2024,
3/27/2024,Dr max,Healthcare → Medicine & Prescriptions,Healthcare,Medicine & Prescriptions,€27.00,,,,2024-04-17T17:00:13.157Z,2024,
3/27/2024,Billa,Shopping → Groceries,Shopping,Groceries,€52.27,,,,2024-04-17T17:01:59.635Z,2024,
3/28/2024,tesco,Shopping → Groceries,Shopping,Groceries,€20.27,,,,2024-04-17T16:58:37.078Z,2024,
3/28/2024,kik,Shopping → Alex,Shopping,Alex,€3.50,,,,2024-04-17T17:01:22.398Z,2024,
3/29/2024,minifarma,Dining → Coffee Shops,Dining,Coffee Shops,€9.40,,,,2024-04-17T16:50:36.526Z,2024,
3/29/2024,minifarma,Sports & Leisure → Events,Sports & Leisure,Events,€31.00,,,,2024-04-17T16:55:59.645Z,2024,
3/30/2024,Dr max,Healthcare → Vitamins & Supplements,Healthcare,Vitamins & Supplements,€13.37,,,,2024-04-17T16:54:27.679Z,2024,
3/30/2024,za gatom,Shopping → Groceries,Shopping,Groceries,€8.28,,,,2024-04-17T16:55:21.155Z,2024,
4/3/2024,uniflox,Healthcare → Medicine & Prescriptions,Healthcare,Medicine & Prescriptions,€6.42,,,,2024-04-22T07:59:23.860Z,2024,
4/3/2024,vitamins,Healthcare → Vitamins & Supplements,Healthcare,Vitamins & Supplements,€17.43,,,,2024-04-23T07:34:17.043Z,2024,
4/3/2024,bakery,Shopping → Groceries,Shopping,Groceries,€6.30,,,,2024-04-23T07:35:40.104Z,2024,
4/3/2024,meds,Healthcare → Medicine & Prescriptions,Healthcare,Medicine & Prescriptions,€19.24,,,,2024-04-23T07:36:09.763Z,2024,
4/4/2024,food,Shopping → Groceries,Shopping,Groceries,€62.62,,,,2024-04-23T07:34:53.408Z,2024,
4/5/2024,plants,Home & Garden → Garden Supplies & Plants,Home & Garden,Garden Supplies & Plants,€10.00,,,,2024-04-23T07:32:44.185Z,2024,
4/5/2024,Pompeii NM lunch,Dining → Restaurants,Dining,Restaurants,€20.00,,,,2024-04-23T07:33:40.164Z,2024,
4/5/2024,food,Shopping → Groceries,Shopping,Groceries,€12.00,,,,2024-04-23T07:57:33.777Z,2024,
4/5/2024,alex pampers,Shopping → Alex,Shopping,Alex,€14.00,,,,2024-04-23T07:57:28.575Z,2024,
4/6/2024,food snacks,Shopping → Groceries,Shopping,Groceries,€6.66,,,,2024-04-23T07:30:48.449Z,2024,
4/8/2024,Gazda garden supplies,Home & Garden → Garden Supplies & Plants,Home & Garden,Garden Supplies & Plants,€37.70,,,,2024-04-23T07:29:09.972Z,2024,
4/8/2024,garzda - garden supplies,Home & Garden → Garden Supplies & Plants,Home & Garden,Garden Supplies & Plants,€19.30,,,,2024-04-23T07:59:24.542Z,2024,
4/8/2024,snacls,Shopping → Groceries,Shopping,Groceries,€3.68,,,,2024-04-23T07:59:54.977Z,2024,
4/9/2024,food,Shopping → Groceries,Shopping,Groceries,€14.76,,,,2024-04-23T07:58:35.610Z,2024,
4/9/2024,snacks,Shopping → Groceries,Shopping,Groceries,€8.20,,,,2024-04-23T08:00:58.164Z,2024,
4/9/2024,garden supplies,Home & Garden → Garden Supplies & Plants,Home & Garden,Garden Supplies & Plants,€20.40,,,,2024-04-23T08:01:37.370Z,2024,
4/10/2024,copy and supplies,Shopping → Office Supplies,Shopping,Office Supplies,€11.70,,,,2024-04-23T07:46:59.889Z,2024,
4/10/2024,food,Shopping → Groceries,Shopping,Groceries,€67.00,,,,2024-04-23T07:48:51.289Z,2024,
4/10/2024,alex helmet,Shopping → Alex,Shopping,Alex,€13.00,,,,2024-04-23T07:48:30.238Z,2024,
4/10/2024,opora na kvety,Home & Garden → Garden Supplies & Plants,Home & Garden,Garden Supplies & Plants,€8.00,,,,2024-04-23T07:48:39.928Z,2024,
4/11/2024,Gazda garden supplies,Home & Garden → Garden Supplies & Plants,Home & Garden,Garden Supplies & Plants,€10.70,,,,2024-04-23T07:30:11.152Z,2024,
4/12/2024,postage,Other,Other,,€2.50,,,,2024-04-23T07:45:04.979Z,2024,
4/12/2024,pet food,Shopping → Pets,Shopping,Pets,€13.70,,,,2024-04-23T07:46:25.718Z,2024,
4/13/2024,food,Shopping → Groceries,Shopping,Groceries,€25.09,,,,2024-04-22T07:58:19.656Z,2024,
4/13/2024,gas,Automotive → Fuel,Automotive,Fuel,€74.72,,,,2024-04-23T07:39:13.617Z,2024,
4/13/2024,Dubnik lunch,Dining → Restaurants,Dining,Restaurants,€22.00,,,,2024-04-23T07:40:30.539Z,2024,
4/15/2024,supplies,Shopping → Health & Beauty,Shopping,Health & Beauty,€46.60,,,,2024-04-23T07:38:11.426Z,2024,
4/15/2024,papučky,Shopping → Alex,Shopping,Alex,€5.90,,,,2024-04-23T07:40:57.393Z,2024,
4/15/2024,food,Shopping → Groceries,Shopping,Groceries,€61.10,,,,2024-04-23T07:43:04.286Z,2024,
4/15/2024,"kids tatoos, alex hat",Shopping → Alex,Shopping,Alex,€13.60,,,,2024-04-23T07:42:55.595Z,2024,
4/15/2024,food,Shopping → Groceries,Shopping,Groceries,€31.26,,,,2024-04-23T07:44:28.706Z,2024,
4/15/2024,plants,Home & Garden → Garden Supplies & Plants,Home & Garden,Garden Supplies & Plants,€61.15,,,,2024-04-23T08:02:25.277Z,2024,
4/15/2024,Pepco home garden lights,Home & Garden → Home Décor,Home & Garden,Home Décor,€10.00,,,,2024-04-23T08:32:54.041Z,2024,
4/15/2024,Alex PJ,Shopping → Alex,Shopping,Alex,€5.00,,,,2024-04-23T08:33:16.178Z,2024,
4/15/2024,coffee  ,Dining → Coffee Shops,Dining,Coffee Shops,€2.30,,,,2024-04-23T09:15:53.578Z,2024,
4/15/2024,BB atletika ,Subscriptions,Subscriptions,,€20.00,,,,2024-05-19T12:34:30.736Z,2024,
4/16/2024,train to BA,Transportation → Trains,Transportation,Trains,€10.40,,,,2024-04-23T09:06:47.582Z,2024,
4/18/2024,dinner at playground,Dining → Restaurants,Dining,Restaurants,€13.50,,,,2024-04-23T09:10:54.870Z,2024,
4/18/2024,coffee snacks at playground ,Dining → Coffee Shops,Dining,Coffee Shops,€5.50,,,,2024-04-23T09:11:39.909Z,2024,
4/18/2024,detský kuptik playground ,Sports & Leisure → Events,Sports & Leisure,Events,€16.00,,,,2024-04-23T09:12:28.088Z,2024,
4/18/2024,Funnyland vstup ,Sports & Leisure → Events,Sports & Leisure,Events,€6.00,,,,2024-04-23T09:12:54.200Z,2024,
4/18/2024,Funnyland lunch coffe,Dining → Coffee Shops,Dining,Coffee Shops,€14.35,,,,2024-04-23T09:13:54.041Z,2024,
4/18/2024,OBI plants and supplies,Home & Garden → Garden Supplies & Plants,Home & Garden,Garden Supplies & Plants,€56.15,,,,2024-04-23T09:15:10.214Z,2024,
4/19/2024,Pepc light  chain ,Home & Garden → Home Décor,Home & Garden,Home Décor,€7.30,,,,2024-04-23T09:16:33.808Z,2024,
4/20/2024,home stuff,Home & Garden → Home Décor,Home & Garden,Home Décor,€11.28,,,,2024-04-23T09:05:41.556Z,2024,
4/20/2024,detský kútik NM and snacks,Sports & Leisure → Events,Sports & Leisure,Events,€24.10,,,,2024-04-23T09:06:17.778Z,2024,
4/20/2024,food,Shopping → Groceries,Shopping,Groceries,€66.58,,,,2024-04-23T09:07:32.340Z,2024,
4/20/2024,Kik,"Shopping → Clothing, Shoes & Accessories",Shopping,"Clothing, Shoes & Accessories",€15.00,,,,2024-04-23T09:08:56.490Z,2024,
4/20/2024,kik,Home & Garden → Home Décor,Home & Garden,Home Décor,€7.00,,,,2024-04-23T09:09:38.898Z,2024,
4/22/2024,postage,Other,Other,,€3.10,,,,2024-04-23T07:45:30.910Z,2024,
4/22/2024,Strava Naďa,Subscriptions,Subscriptions,,€50.00,,,,2024-04-23T09:16:59.435Z,2024,
4/23/2024,snacks,Shopping → Groceries,Shopping,Groceries,€8.30,,,,2024-09-13T11:57:42.235Z,2024,
4/24/2024,supplements,Healthcare → Vitamins & Supplements,Healthcare,Vitamins & Supplements,€21.00,,,,2024-09-13T11:54:14.605Z,2024,
4/24/2024,food,Shopping → Groceries,Shopping,Groceries,€56.57,,,,2024-09-13T11:55:41.826Z,2024,
4/24/2024,food,Shopping → Groceries,Shopping,Groceries,€10.50,,,,2024-09-13T11:56:45.343Z,2024,
4/24/2024,learning calligraphy,Shopping → BB,Shopping,BB,€32.00,,,,2024-09-13T12:15:41.235Z,2024,
4/26/2024,food,Shopping → Groceries,Shopping,Groceries,€51.89,,,,2024-09-13T11:55:00.785Z,2024,
4/27/2024,cachtice castle,Sports & Leisure → Events,Sports & Leisure,Events,€8.00,,,,2024-09-13T12:00:56.941Z,2024,
4/27/2024,cachtice face paitning,Sports & Leisure → Events,Sports & Leisure,Events,€10.00,,,,2024-09-13T12:01:24.843Z,2024,
4/28/2024,obedy markíz ,Dining → Restaurants,Dining,Restaurants,€12.00,,,,2024-05-19T12:34:40.123Z,2024,
4/29/2024,Trains to BA,Transportation → Trains,Transportation,Trains,€20.80,,,,2024-05-19T12:09:23.313Z,2024,
4/29/2024,brekky,Shopping → Groceries,Shopping,Groceries,€2.05,,,,2024-09-13T12:00:47.268Z,2024,
4/29/2024,eat out dinner,Dining → Restaurants,Dining,Restaurants,€22.00,,,,2024-09-13T12:02:21.761Z,2024,
4/30/2024,snakcs,Shopping → Groceries,Shopping,Groceries,€1.75,,,,2024-09-13T11:58:14.192Z,2024,
4/30/2024,eat out,Dining → Restaurants,Dining,Restaurants,€20.00,,,,2024-09-13T11:59:42.925Z,2024,
4/30/2024,train to work,Transportation → Trains,Transportation,Trains,€20.80,,,,2024-09-13T12:02:42.710Z,2024,
4/30/2024,šanóny ,Shopping → Office Supplies,Shopping,Office Supplies,€36.00,,,,2024-09-13T12:04:20.261Z,2024,
5/1/2024,gas,Automotive → Fuel,Automotive,Fuel,€42.20,,,,2024-05-19T11:38:02.745Z,2024,
5/1/2024,snacks,Shopping → Groceries,Shopping,Groceries,€32.40,,,,2024-05-19T11:38:31.220Z,2024,
5/1/2024,abu dabi,Shopping → Health & Beauty,Shopping,Health & Beauty,€7.65,,,,2024-05-19T12:22:36.035Z,2024,
5/1/2024,abu dabi toys for kids,Shopping → Gifts,Shopping,Gifts,€32.00,,,,2024-05-19T12:25:19.618Z,2024,
5/1/2024,Ryan vienna - ST,Transportation → Buses,Transportation,Buses,€27.00,,,,2024-05-19T12:28:08.378Z,2024,
5/1/2024,Abu Dabi,,,,€16.57,,,,,2024,
5/1/2024,eat out abu dabi,Dining → Restaurants,Dining,Restaurants,€9.69,,,,2024-05-19T12:29:05.335Z,2024,
5/1/2024,eat out abu dabi ,Dining → Restaurants,Dining,Restaurants,€8.92,,,,2024-05-19T12:31:13.550Z,2024,
5/1/2024,food,Shopping → Groceries,Shopping,Groceries,€32.00,,,,2024-09-13T13:21:06.668Z,2024,
5/1/2024,gas,Automotive → Fuel,Automotive,Fuel,€42.20,,,,2024-09-13T13:21:18.096Z,2024,
5/1/2024,sounvenirs Ryan ? ,Shopping → BB,Shopping,BB,€16.57,,,,2024-09-13T13:45:21.250Z,,
5/1/2024,bus Slovak lines,Transportation → Buses,Transportation,Buses,€12.90,,,,2024-09-13T13:46:40.136Z,,
5/1/2024,bolt taxi,Transportation → Buses,Transportation,Buses,€4.60,,,TAXI!! BOLT,2024-09-13T13:47:24.959Z,,
5/1/2024,abu dhabi,Dining → Restaurants,Dining,Restaurants,€9.69,,,,2024-09-13T13:48:18.038Z,,
5/1/2024,abu dhabi duty free,Other,Other,,€22.94,,,,2024-09-13T14:12:11.284Z,,
5/1/2024,coffee vienna,Dining → Coffee Shops,Dining,Coffee Shops,€3.70,,,,2024-09-13T14:12:49.695Z,,
5/1/2024,train to NM,Transportation → Trains,Transportation,Trains,€10.00,,,,2024-09-13T14:13:14.137Z,,
5/2/2024,food,Shopping → Groceries,Shopping,Groceries,€126.54,,,,2024-09-13T12:46:39.428Z,2024,
5/3/2024,snacks for kids,Shopping → Groceries,Shopping,Groceries,€6.72,,,,2024-05-19T11:36:15.452Z,2024,
5/3/2024,drinks Kviz,Dining → Bars & Drinks,Dining,Bars & Drinks,€26.60,,,,2024-05-19T11:37:06.615Z,2024,
5/3/2024,lunch,Dining → Restaurants,Dining,Restaurants,€17.00,,,,2024-05-19T11:40:33.634Z,2024,
5/3/2024,lunch Po strekou,Dining → Restaurants,Dining,Restaurants,€15.70,,,,2024-09-13T13:19:40.449Z,2024,
5/3/2024,eat out kviz,Dining → Restaurants,Dining,Restaurants,€28.00,,,,2024-09-13T13:21:52.778Z,2024,
5/3/2024,snacks,Shopping → Groceries,Shopping,Groceries,€6.72,,,,2024-09-13T13:22:28.251Z,2024,
5/4/2024,food,Shopping → Groceries,Shopping,Groceries,€59.41,,,,2024-05-19T11:39:15.302Z,2024,
5/4/2024,food,Shopping → Groceries,Shopping,Groceries,€28.50,,,,2024-05-19T11:40:59.751Z,2024,
5/4/2024,food,Shopping → Groceries,Shopping,Groceries,€28.50,,,,2024-09-13T13:18:56.825Z,2024,
5/4/2024,food,Shopping → Groceries,Shopping,Groceries,€59.41,,,,2024-09-13T13:20:09.881Z,2024,
5/6/2024,beauty stuff,Shopping → Health & Beauty,Shopping,Health & Beauty,€20.10,,,,2024-05-19T11:33:45.745Z,2024,
5/6/2024,snacks,Shopping → Groceries,Shopping,Groceries,€8.35,,,,2024-05-19T11:34:23.660Z,2024,
5/6/2024,trains to BA,Transportation → Trains,Transportation,Trains,€26.40,,,,2024-05-19T12:06:36.024Z,2024,
5/6/2024,MHD BA,Transportation → Buses,Transportation,Buses,€15.00,,,,2024-05-19T12:08:10.111Z,2024,
5/6/2024,C&A clothes kids,Shopping → BB,Shopping,BB,€24.00,,,,2024-09-13T12:38:58.803Z,2024,
5/6/2024,snacks,Shopping → Groceries,Shopping,Groceries,€8.35,,,,2024-09-13T13:23:12.212Z,2024,
5/6/2024,DM drogeria,Shopping → Health & Beauty,Shopping,Health & Beauty,€20.10,,,,2024-09-13T13:23:45.644Z,2024,
5/6/2024,train to BA mon+tue,Transportation → Trains,Transportation,Trains,€26.50,,,,2024-09-13T13:38:41.122Z,,
5/7/2024,meds,Healthcare → Medicine & Prescriptions,Healthcare,Medicine & Prescriptions,€4.44,,,,2024-05-19T11:39:49.434Z,2024,
5/7/2024,C&A clothes kids,Shopping → Alex,Shopping,Alex,€38.00,,,BOTH KIDS,2024-09-13T12:40:02.074Z,2024,
5/7/2024,meds,Healthcare → Medicine & Prescriptions,Healthcare,Medicine & Prescriptions,€4.44,,,,2024-09-13T13:24:37.865Z,2024,
5/8/2024,lunch ans snacks,Shopping → Groceries,Shopping,Groceries,€7.16,,,,2024-05-19T11:44:47.958Z,2024,
5/8/2024,coffee,Dining → Coffee Shops,Dining,Coffee Shops,€18.00,,,,2024-05-19T11:45:24.758Z,2024,
5/8/2024,cooltura,Dining → Coffee Shops,Dining,Coffee Shops,€19.00,,,,2024-09-13T13:15:47.002Z,2024,
5/8/2024,snacks,Shopping → Groceries,Shopping,Groceries,€7.16,,,,2024-09-13T13:16:28.652Z,2024,
5/9/2024,coffee,Dining → Coffee Shops,Dining,Coffee Shops,€10.00,,,,2024-05-19T11:41:31.877Z,2024,
5/9/2024,drnks,Dining → Bars & Drinks,Dining,Bars & Drinks,€6.00,,,,2024-05-19T11:43:31.278Z,2024,
5/9/2024,snacks,Shopping → Groceries,Shopping,Groceries,€3.70,,,,2024-05-19T11:44:00.125Z,2024,
5/9/2024,food,Shopping → Groceries,Shopping,Groceries,€10.08,,,,2024-05-19T11:46:55.383Z,2024,
5/9/2024,soap thingy,Shopping → Health & Beauty,Shopping,Health & Beauty,€19.31,,,,2024-05-19T12:19:58.958Z,2024,
5/9/2024,garden tools ,Home & Garden → Garden Supplies & Plants,Home & Garden,Garden Supplies & Plants,€24.00,,,,2024-05-19T12:31:31.538Z,2024,
5/9/2024,šanóny,Shopping → Office Supplies,Shopping,Office Supplies,€36.00,,,,2024-05-19T12:32:31.901Z,2024,
5/9/2024,food,Shopping → Groceries,Shopping,Groceries,€10.08,,,,2024-09-13T13:15:17.610Z,2024,
5/9/2024,snacka,Shopping → Groceries,Shopping,Groceries,€3.70,,,,2024-09-13T13:17:02.218Z,2024,
5/9/2024,U Meza,Dining → Bars & Drinks,Dining,Bars & Drinks,€5.70,,,,2024-09-13T13:17:42.554Z,2024,
5/9/2024,cooltura,Dining → Coffee Shops,Dining,Coffee Shops,€11.00,,,,2024-09-13T13:18:18.337Z,2024,
5/9/2024,earplugs case,"Shopping → Clothing, Shoes & Accessories",Shopping,"Clothing, Shoes & Accessories",€19.31,,,,2024-09-13T14:20:26.567Z,,
5/10/2024,food,Shopping → Groceries,Shopping,Groceries,€91.11,,,,2024-05-19T12:18:14.308Z,2024,
5/10/2024,OBI,Home & Garden → Appliances & Electronics,Home & Garden,Appliances & Electronics,€76.88,,,,2024-05-19T12:18:39.774Z,2024,
5/10/2024,eat out,Dining → Restaurants,Dining,Restaurants,€7.00,,,,2024-05-19T12:19:22.129Z,2024,
5/11/2024,garden shit,Home & Garden → Garden Supplies & Plants,Home & Garden,Garden Supplies & Plants,€37.00,,,,2024-05-19T11:42:39.069Z,2024,
5/11/2024,lunch dubnik,Dining → Restaurants,Dining,Restaurants,€29.00,,,,2024-05-19T12:17:27.883Z,2024,
5/11/2024,Gazda supplies,Home & Garden → Garden Supplies & Plants,Home & Garden,Garden Supplies & Plants,€37.00,,,,2024-09-13T13:30:13.699Z,2024,
5/11/2024,lunch eat out Kemp,Dining → Restaurants,Dining,Restaurants,€27.90,,,,2024-09-13T14:21:42.946Z,,
5/12/2024,dinner pod štrekou,Dining → Restaurants,Dining,Restaurants,€62.00,,,,2024-05-19T11:32:49.983Z,2024,
5/12/2024,pod strekou dinner,Dining → Restaurants,Dining,Restaurants,€63.00,,,,2024-09-13T13:25:14.863Z,2024,
5/13/2024,snacks,Shopping → Groceries,Shopping,Groceries,€11.10,,,,2024-05-19T11:51:43.928Z,2024,
5/13/2024,trains to BA,Transportation → Trains,Transportation,Trains,€26.40,,,,2024-05-19T12:06:54.392Z,2024,
5/13/2024,snacks,Shopping → Groceries,Shopping,Groceries,€8.20,,,,2024-09-13T13:03:03.419Z,2024,
5/13/2024,train to BA mon+tue,Transportation → Trains,Transportation,Trains,€26.50,,,,2024-09-13T13:39:09.952Z,,
5/14/2024,beatu shit,Shopping → Health & Beauty,Shopping,Health & Beauty,€19.66,,,,2024-05-19T11:52:44.664Z,2024,
5/14/2024,funnyland,Sports & Leisure → Events,Sports & Leisure,Events,€12.00,,,,2024-05-19T12:15:55.219Z,2024,
5/14/2024,snacks,Dining → Coffee Shops,Dining,Coffee Shops,€25.00,,,,2024-05-19T12:16:40.302Z,2024,
5/14/2024,obedy markíza 4x,Dining → Restaurants,Dining,Restaurants,€24.00,,,,2024-05-19T12:34:12.355Z,2024,
5/14/2024,drogeria,Shopping → Health & Beauty,Shopping,Health & Beauty,€19.66,,,,2024-09-13T13:01:03.404Z,2024,
5/14/2024,coffee,Dining → Coffee Shops,Dining,Coffee Shops,€2.90,,,,2024-09-13T13:01:44.827Z,2024,
5/14/2024,Funnyland,Sports & Leisure → Events,Sports & Leisure,Events,€12.00,,,,2024-09-13T14:23:38.083Z,,
5/14/2024,Funnyland snacks,Dining → Coffee Shops,Dining,Coffee Shops,€13.20,,,,2024-09-13T14:23:41.177Z,,
5/14/2024,Funnyland snacks,Dining → Coffee Shops,Dining,Coffee Shops,€8.00,,,,2024-09-13T14:24:10.112Z,,
5/15/2024,drogeria,Shopping → Health & Beauty,Shopping,Health & Beauty,€39.84,,,,2024-05-19T11:53:31.776Z,2024,
5/15/2024,OBI,Home & Garden → Garden Supplies & Plants,Home & Garden,Garden Supplies & Plants,€57.91,,,,2024-05-19T11:54:34.245Z,2024,
5/15/2024,OBI,Home & Garden → Garden Supplies & Plants,Home & Garden,Garden Supplies & Plants,€49.07,,,,2024-05-19T11:55:25.729Z,2024,
5/15/2024,mcdonalds lunch,Dining → Restaurants,Dining,Restaurants,€12.40,,,,2024-05-19T11:55:53.065Z,2024,
5/15/2024,kids clothes,"Shopping → Clothing, Shoes & Accessories",Shopping,"Clothing, Shoes & Accessories",€28.00,,,,2024-05-19T11:56:52.600Z,2024,
5/15/2024,funnyland,Sports & Leisure → Events,Sports & Leisure,Events,€6.00,,,,2024-05-19T11:58:24.071Z,2024,
5/15/2024,coffee,Dining → Coffee Shops,Dining,Coffee Shops,€5.70,,,,2024-05-19T12:15:03.287Z,2024,
5/15/2024,Funnyland,Sports & Leisure → Events,Sports & Leisure,Events,€6.00,,,,2024-09-13T12:49:23.162Z,2024,
5/15/2024,C&A clothes kids,Shopping → BB,Shopping,BB,€27.97,,,BOTH KIDS,2024-09-13T12:50:42.034Z,2024,
5/15/2024,McDonalds lunch,Dining → Restaurants,Dining,Restaurants,€12.40,,,,2024-09-13T12:51:15.408Z,2024,
5/15/2024,OBI,Home & Garden → Garden Supplies & Plants,Home & Garden,Garden Supplies & Plants,€49.07,,,,2024-09-13T12:51:52.241Z,2024,
5/15/2024,drogeria,Shopping → Health & Beauty,Shopping,Health & Beauty,€40.00,,,,2024-09-13T13:00:31.498Z,2024,
5/15/2024,OBI,Home & Garden → Garden Supplies & Plants,Home & Garden,Garden Supplies & Plants,€57.91,,,,2024-09-13T13:29:36.681Z,2024,
5/15/2024,Funnyland snacks,Dining → Coffee Shops,Dining,Coffee Shops,€5.70,,,,2024-09-13T14:26:24.443Z,,
5/16/2024,cinema snacks,Dining → Coffee Shops,Dining,Coffee Shops,€4.70,,,,2024-05-19T11:48:29.965Z,2024,
5/16/2024,hat,"Shopping → Clothing, Shoes & Accessories",Shopping,"Clothing, Shoes & Accessories",€10.00,,,,2024-05-19T11:48:57.260Z,2024,
5/16/2024,skirt,"Shopping → Clothing, Shoes & Accessories",Shopping,"Clothing, Shoes & Accessories",€12.00,,,,2024-05-19T11:50:28.298Z,2024,
5/16/2024,Billa,Shopping → Groceries,Shopping,Groceries,€81.42,,,,2024-05-19T11:57:29.341Z,2024,
5/16/2024,sinsay,"Shopping → Clothing, Shoes & Accessories",Shopping,"Clothing, Shoes & Accessories",€32.71,,,,2024-05-19T11:59:09.457Z,2024,
5/16/2024,snacks,Shopping → Groceries,Shopping,Groceries,€3.54,,,,2024-05-19T11:59:52.017Z,2024,
5/16/2024,kino,Sports & Leisure → Movies,Sports & Leisure,Movies,€8.00,,,,2024-05-19T12:13:47.615Z,2024,
5/16/2024,train ryan,Transportation → Trains,Transportation,Trains,€10.82,,,,2024-05-19T12:14:21.372Z,2024,
5/16/2024,food,Shopping → Groceries,Shopping,Groceries,€3.54,,,,2024-09-13T12:47:59.733Z,2024,
5/16/2024,Sinsay clothes,"Shopping → Clothing, Shoes & Accessories",Shopping,"Clothing, Shoes & Accessories",€32.71,,,,2024-09-13T12:48:38.658Z,2024,
5/16/2024,food,Shopping → Groceries,Shopping,Groceries,€81.42,,,,2024-09-13T12:49:50.506Z,2024,
5/16/2024,skirt,"Shopping → Clothing, Shoes & Accessories",Shopping,"Clothing, Shoes & Accessories",€12.98,,,,2024-09-13T13:03:40.750Z,2024,
5/16/2024,hat,"Shopping → Clothing, Shoes & Accessories",Shopping,"Clothing, Shoes & Accessories",€10.00,,,,2024-09-13T13:04:04.373Z,2024,
5/16/2024,snacks,Shopping → Groceries,Shopping,Groceries,€4.70,,,,2024-09-13T13:04:27.138Z,2024,
5/16/2024,kino,Sports & Leisure → Movies,Sports & Leisure,Movies,€8.00,,,,2024-09-13T13:14:33.384Z,2024,
5/16/2024,clothes ,"Shopping → Clothing, Shoes & Accessories",Shopping,"Clothing, Shoes & Accessories",€52.00,,,,2024-09-13T13:27:35.280Z,2024,
5/17/2024,food,Shopping → Groceries,Shopping,Groceries,€61.60,,,,2024-05-19T11:30:12.263Z,2024,
5/17/2024,food beer for camping,Shopping → Groceries,Shopping,Groceries,€39.92,,,,2024-05-19T11:31:16.017Z,2024,
5/17/2024,food,Shopping → Groceries,Shopping,Groceries,€61.60,,,,2024-09-13T13:28:08.208Z,2024,
5/17/2024,food,Shopping → Groceries,Shopping,Groceries,€39.92,,,,2024-09-13T13:28:52.750Z,2024,
5/18/2024,hotel trebišov ,Vacation → Accommodations,Vacation,Accommodations,€49.50,,,NOT VACATION!!,2024-09-13T12:22:27.303Z,2024,
5/19/2024,hotel trebišov,Sports & Leisure → Events,Sports & Leisure,Events,€50.00,,,,2024-05-19T12:13:06.727Z,2024,
5/19/2024,train trebišov,Transportation → Trains,Transportation,Trains,€23.00,,,,2024-05-19T12:12:45.465Z,2024,
5/19/2024,eat out,Dining → Restaurants,Dining,Restaurants,€24.00,,,,2024-09-13T12:23:46.465Z,2024,
5/19/2024,train to Trebišov,Transportation → Trains,Transportation,Trains,€46.00,,,,2024-09-13T13:39:59.473Z,,
5/20/2024,lunch,Dining → Restaurants,Dining,Restaurants,€20.00,,,,2024-09-13T12:19:41.463Z,2024,
5/20/2024,books for kids,Shopping → BB,Shopping,BB,€25.88,,,BOTH KIDS,2024-09-13T12:20:59.680Z,2024,
5/21/2024,snaks,Shopping → Groceries,Shopping,Groceries,€2.35,,,,2024-09-13T12:17:00.353Z,2024,
5/21/2024,train to work,Transportation → Trains,Transportation,Trains,€23.40,,,,2024-09-13T12:26:22.055Z,2024,
5/22/2024,gas,Automotive → Fuel,Automotive,Fuel,€63.51,,,,2024-09-13T12:18:17.429Z,2024,
5/22/2024,food,Shopping → Groceries,Shopping,Groceries,€84.60,,,,2024-09-13T12:18:44.075Z,2024,
5/22/2024,eat out,Dining → Restaurants,Dining,Restaurants,€20.00,,,,2024-09-13T12:31:20.096Z,2024,
5/22/2024,food,Shopping → Groceries,Shopping,Groceries,€12.89,,,,2024-09-13T12:41:28.466Z,2024,
5/22/2024,clothes,"Shopping → Clothing, Shoes & Accessories",Shopping,"Clothing, Shoes & Accessories",€7.95,,,,2024-09-13T12:42:31.445Z,2024,
5/22/2024,eznamka,Automotive → Registration & Taxes,Automotive,Registration & Taxes,€60.00,,,EZNAMKA,2024-09-13T14:28:36.703Z,,
5/23/2024,lunch,Dining → Restaurants,Dining,Restaurants,€15.00,,,,2024-09-13T12:29:25.605Z,2024,
5/23/2024,zalando shoes,"Shopping → Clothing, Shoes & Accessories",Shopping,"Clothing, Shoes & Accessories",€53.49,,,,2024-09-13T14:32:16.008Z,,
5/24/2024,car tire change,Automotive → Maintenance & Repairs,Automotive,Maintenance & Repairs,€45.00,,,,2024-09-13T12:17:42.972Z,2024,
5/24/2024,food,Shopping → Groceries,Shopping,Groceries,€22.07,,,,2024-09-13T12:45:56.106Z,2024,
5/24/2024,Bibi art class,Shopping → BB,Shopping,BB,€40.00,,,,2024-09-13T14:29:57.553Z,,
5/25/2024,dinnerware,Home & Garden → Home Décor,Home & Garden,Home Décor,€68.77,,,,2024-08-29T18:23:06.014Z,2024,
5/25/2024,cooltura,Dining → Coffee Shops,Dining,Coffee Shops,€13.00,,,,2024-09-13T12:27:01.593Z,2024,
5/25/2024,cooltura,Dining → Coffee Shops,Dining,Coffee Shops,€5.20,,,,2024-09-13T12:27:26.070Z,2024,
5/25/2024,food,Shopping → Groceries,Shopping,Groceries,€41.32,,,,2024-09-13T12:28:11.864Z,2024,
5/25/2024,food,Shopping → Groceries,Shopping,Groceries,€25.52,,,,2024-09-13T12:28:53.134Z,2024,
5/25/2024,???,,,,€18.40,,,,,2024,
5/25/2024,Amazon order,Other,Other,,€146.75,,,,2024-09-13T14:33:39.499Z,,
5/25/2024,eat out Kemp ,Dining → Restaurants,Dining,Restaurants,€18.40,,,,2024-09-13T14:34:47.017Z,,
5/27/2024,snacks,Shopping → Groceries,Shopping,Groceries,€2.22,,,,2024-09-13T12:29:59.002Z,2024,
5/27/2024,snacks,Shopping → Groceries,Shopping,Groceries,€5.30,,,,2024-09-13T12:36:47.960Z,2024,
5/27/2024,food,Shopping → Groceries,Shopping,Groceries,€11.22,,,,2024-09-13T12:37:18.786Z,2024,
5/27/2024,dinner out with lukaš,Dining → Restaurants,Dining,Restaurants,€40.00,,,,2024-09-13T12:38:08.265Z,2024,
5/27/2024,discount card trains,Transportation → Trains,Transportation,Trains,€39.00,,,,2024-09-13T13:40:56.751Z,,
5/27/2024,train to BA mon+tue,Transportation → Trains,Transportation,Trains,€9.50,,,,2024-09-13T13:42:12.857Z,,
5/28/2024,MHD BA,Transportation → Buses,Transportation,Buses,€15.00,,,,2024-09-13T14:35:31.174Z,,
5/29/2024,food,Shopping → Groceries,Shopping,Groceries,€13.44,,,,2024-09-13T12:40:38.170Z,2024,
5/30/2024,lunch,Dining → Restaurants,Dining,Restaurants,€17.00,,,,2024-09-13T12:43:33.604Z,2024,
5/30/2024,dóza,Home & Garden → Home Repairs & Maintenance,Home & Garden,Home Repairs & Maintenance,€5.00,,,,2024-09-13T12:45:17.595Z,2024,
6/2/2024,groceries,Shopping → Groceries,Shopping,Groceries,€15.63,,,,2024-08-29T19:35:28.050Z,2024,
6/3/2024,train,Transportation → Trains,Transportation,Trains,€7.80,,,,2024-08-29T19:09:30.336Z,2024,
6/3/2024,bus,Transportation → Buses,Transportation,Buses,€0.50,,,,2024-08-29T19:10:37.385Z,2024,
6/3/2024,bus,Transportation → Buses,Transportation,Buses,€1.20,,,,2024-08-29T19:27:58.463Z,2024,
6/3/2024,snacks,Dining → Restaurants,Dining,Restaurants,€4.50,,,,2024-08-29T19:29:08.508Z,2024,
6/3/2024,breakfast,Dining → Restaurants,Dining,Restaurants,€2.05,,,,2024-08-29T19:31:04.524Z,2024,
6/4/2024,train,Transportation → Trains,Transportation,Trains,€7.00,,,,2024-08-29T18:02:12.853Z,2024,
6/4/2024,bus,Transportation → Buses,Transportation,Buses,€1.30,,,,2024-08-29T18:03:15.375Z,2024,
6/4/2024,snack,Dining → Restaurants,Dining,Restaurants,€2.50,,,,2024-08-29T18:31:29.425Z,2024,
6/4/2024,damske ponozky,"Shopping → Clothing, Shoes & Accessories",Shopping,"Clothing, Shoes & Accessories",€9.99,,,,2024-08-29T18:33:46.041Z,2024,
6/4/2024,det. horny diel C&A,"Shopping → Clothing, Shoes & Accessories",Shopping,"Clothing, Shoes & Accessories",€9.99,,,,2024-08-29T18:54:16.034Z,2024,
6/4/2024,bus,Transportation → Buses,Transportation,Buses,€0.50,,,,2024-08-29T19:08:19.029Z,2024,
6/4/2024,bus,Transportation → Buses,Transportation,Buses,€1.20,,,,2024-08-29T19:08:34.773Z,2024,
6/4/2024,train,Transportation → Trains,Transportation,Trains,€7.80,,,,2024-08-29T19:11:08.656Z,2024,
6/5/2024,documents Trencin Foreign Police,Other,Other,,€4.00,,,,2024-08-29T17:50:28.656Z,2024,
6/5/2024,lunch,Dining → Restaurants,Dining,Restaurants,€22.40,,,,2024-08-29T18:30:26.334Z,2024,
6/6/2024,groceries,Shopping → Groceries,Shopping,Groceries,€75.22,,,,2024-08-29T19:32:51.942Z,2024,
6/6/2024,Rosucard 20MG 90 TBL,Healthcare → Medicine & Prescriptions,Healthcare,Medicine & Prescriptions,€7.60,,,,2024-08-29T19:34:24.852Z,2024,
6/7/2024,lunch NM,Dining → Restaurants,Dining,Restaurants,€22.80,,,,2024-08-29T18:17:58.687Z,2024,
6/7/2024,train,Transportation → Trains,Transportation,Trains,€5.20,,,,2024-08-29T18:20:46.260Z,2024,
6/7/2024,plavky from Kik,Shopping → BB,Shopping,BB,€6.99,,,,2024-08-29T18:24:51.854Z,2024,
6/7/2024,vitamins,Healthcare → Vitamins & Supplements,Healthcare,Vitamins & Supplements,€8.17,,,,2024-08-29T18:26:54.583Z,2024,
6/7/2024,toys/games for the kids from Kik,Shopping → Books & Hobbies,Shopping,Books & Hobbies,€20.53,,,,2024-08-29T18:29:04.344Z,2024,
6/10/2024,omalovanka malovanie vodou,Shopping → Books & Hobbies,Shopping,Books & Hobbies,€3.00,,,,2024-08-29T18:20:03.668Z,2024,
6/11/2024,party supplies for BB's party,Shopping → BB,Shopping,BB,€8.30,,,,2024-08-29T18:09:32.209Z,2024,
6/11/2024,two-way radios ,Home & Garden → Appliances & Electronics,Home & Garden,Appliances & Electronics,€28.99,,,,2024-08-29T18:11:26.718Z,2024,
6/12/2024,pillows from Kik,Home & Garden → Home Décor,Home & Garden,Home Décor,€24.95,,,,2024-08-29T18:04:46.861Z,2024,
6/12/2024,postrek,Home & Garden → Garden Supplies & Plants,Home & Garden,Garden Supplies & Plants,€14.90,,,,2024-08-29T18:07:25.855Z,2024,
6/21/2024,coffee,Dining → Coffee Shops,Dining,Coffee Shops,€14.10,,,,2024-08-29T17:48:47.971Z,2024,
6/23/2024,nanuks at zoo,Dining → Restaurants,Dining,Restaurants,€12.00,,,,2024-08-29T17:56:05.004Z,2024,
6/27/2024,lunch Pod Strekou,Dining → Restaurants,Dining,Restaurants,€21.20,,,,2024-08-29T17:58:47.317Z,2024,
6/29/2024,train Ryan,Transportation → Trains,Transportation,Trains,€5.20,,,,2024-08-29T17:56:54.208Z,2024,
6/29/2024,koupaliste kvetna,Sports & Leisure → Events,Sports & Leisure,Events,€6.82,,,,2024-08-29T18:01:34.186Z,2024,
8/1/2024,snacsk,Shopping → Groceries,Shopping,Groceries,€4.78,,,,2024-09-13T14:59:17.107Z,,
8/4/2024,Saloon Cetuna dinner,Dining → Restaurants,Dining,Restaurants,€55.00,,,,2024-09-13T14:55:55.908Z,,
8/5/2024,drogeria,Shopping → Health & Beauty,Shopping,Health & Beauty,€16.11,,,,2024-09-13T14:54:35.197Z,,
8/5/2024,snacks,Shopping → Groceries,Shopping,Groceries,€3.45,,,,2024-09-13T14:55:15.911Z,,
8/5/2024,Kik,Shopping → Office Supplies,Shopping,Office Supplies,€19.45,,,,2024-09-13T14:56:35.484Z,,
8/5/2024,snacks,Shopping → Groceries,Shopping,Groceries,€4.00,,,,2024-09-13T14:59:44.825Z,,
8/5/2024,kniha pre moniku,Shopping → Alex,Shopping,Alex,€12.00,,,,2024-09-14T07:40:29.600Z,,
8/6/2024,cakes ,Shopping → Groceries,Shopping,Groceries,€52.10,,,,2024-09-13T14:45:37.202Z,,
8/6/2024,party stuff,Shopping → BB,Shopping,BB,€6.50,,,,2024-09-13T14:46:15.340Z,,
8/6/2024,lunch,Dining → Restaurants,Dining,Restaurants,€24.00,,,,2024-09-13T14:53:38.376Z,,
8/8/2024,snacks,Shopping → Groceries,Shopping,Groceries,€3.10,,,,2024-09-13T14:44:05.761Z,,
8/8/2024,copies,Shopping → Office Supplies,Shopping,Office Supplies,€6.65,,,,2024-09-13T14:44:58.214Z,,
8/8/2024,nanuky,Shopping → Groceries,Shopping,Groceries,€9.40,,,,2024-09-13T14:47:11.513Z,,
8/8/2024,food,Shopping → Groceries,Shopping,Groceries,€57.24,,,,2024-09-13T14:47:55.749Z,,
8/8/2024,pampers,Shopping → Alex,Shopping,Alex,€17.00,,,,2024-09-13T14:48:13.807Z,,
8/8/2024,NatGeo subscription,Subscriptions,Subscriptions,,€89.00,,,,2024-09-14T07:41:17.793Z,,
8/9/2024,Bibi slippers,Shopping → BB,Shopping,BB,€14.00,,,,2024-09-13T14:43:28.901Z,,
8/9/2024,food,Shopping → Groceries,Shopping,Groceries,€17.90,,,,2024-09-13T14:48:48.935Z,,
8/9/2024,snacks,Shopping → Groceries,Shopping,Groceries,€7.53,,,,2024-09-13T14:50:01.738Z,,
8/9/2024,gombiky,"Shopping → Clothing, Shoes & Accessories",Shopping,"Clothing, Shoes & Accessories",€3.00,,,,2024-09-13T14:50:31.583Z,,
8/9/2024,bracelet,Shopping → BB,Shopping,BB,€4.00,,,BOTH KIDS,2024-09-13T14:52:18.216Z,,
8/9/2024,Lidl,Shopping → Groceries,Shopping,Groceries,€50.24,,,,2024-09-13T14:52:53.481Z,,
8/9/2024,food,Shopping → Groceries,Shopping,Groceries,€52.07,,,,2024-09-13T14:57:08.602Z,,
8/9/2024,food,Shopping → Groceries,Shopping,Groceries,€10.76,,,,2024-09-13T14:57:40.259Z,,
8/9/2024,food,Shopping → Groceries,Shopping,Groceries,€37.43,,,,2024-09-13T15:32:11.166Z,,
8/10/2024,food,Shopping → Groceries,Shopping,Groceries,€17.45,,,,2024-09-13T14:58:27.318Z,,
8/10/2024,food,Shopping → Groceries,Shopping,Groceries,€25.28,,,,2024-09-13T15:00:31.238Z,,
8/10/2024,food,Shopping → Groceries,Shopping,Groceries,€10.75,,,,2024-09-13T15:00:45.677Z,,
8/10/2024,gas for grill,Home & Garden → Home Repairs & Maintenance,Home & Garden,Home Repairs & Maintenance,€22.50,,,,2024-09-13T15:01:32.773Z,,
8/10/2024,food,Shopping → Groceries,Shopping,Groceries,€6.80,,,,2024-09-13T15:03:16.654Z,,
8/11/2024,pool,Sports & Leisure → Events,Sports & Leisure,Events,€7.50,,,,2024-09-13T15:02:49.649Z,,
8/13/2024,food,Shopping → Groceries,Shopping,Groceries,€4.00,,,,2024-09-13T14:58:46.549Z,,
8/13/2024,Kvetna pool ,Sports & Leisure → Events,Sports & Leisure,Events,€8.00,,,,2024-09-13T15:35:18.646Z,,
8/13/2024,Kvetna snacks,Dining → Coffee Shops,Dining,Coffee Shops,€4.00,,,,2024-09-13T15:35:40.725Z,,
8/14/2024,gifts,Shopping → Gifts,Shopping,Gifts,€13.00,,,,2024-09-13T15:03:49.126Z,,
8/14/2024,Funnyland,Sports & Leisure → Events,Sports & Leisure,Events,€19.50,,,,2024-09-13T15:04:29.349Z,,
8/14/2024,running stuff,"Shopping → Clothing, Shoes & Accessories",Shopping,"Clothing, Shoes & Accessories",€34.00,,,,2024-09-13T15:05:03.831Z,,
8/14/2024,funnyland snacks,Dining → Coffee Shops,Dining,Coffee Shops,€7.40,,,,2024-09-13T15:05:34.271Z,,
8/14/2024,lunch laugaricio,Dining → Restaurants,Dining,Restaurants,€31.00,,,,2024-09-13T15:06:07.992Z,,
8/14/2024,running stuff,"Shopping → Clothing, Shoes & Accessories",Shopping,"Clothing, Shoes & Accessories",€7.95,,,,2024-09-13T15:07:27.484Z,,
8/14/2024,kino Vlny,Sports & Leisure → Movies,Sports & Leisure,Movies,€10.00,,,,2024-09-14T07:48:48.087Z,,
8/15/2024,hot dogs,Dining → Restaurants,Dining,Restaurants,€7.50,,,,2024-09-13T15:14:38.322Z,,
8/15/2024,pool trenčin ,Sports & Leisure → Events,Sports & Leisure,Events,€16.00,,,,2024-09-13T15:16:30.377Z,,
8/15/2024,snacks,Shopping → Groceries,Shopping,Groceries,€14.48,,,,2024-09-13T15:16:58.206Z,,
8/16/2024,food,Shopping → Groceries,Shopping,Groceries,€125.00,,,,2024-09-13T15:13:20.697Z,,
8/16/2024,gifts,Shopping → Gifts,Shopping,Gifts,€29.50,,,,2024-09-13T15:18:16.570Z,,
8/16/2024,snacks,Shopping → Groceries,Shopping,Groceries,€6.56,,,,2024-09-13T15:31:33.239Z,,
8/16/2024,dinner OTKD,Dining → Restaurants,Dining,Restaurants,€22.00,,,,2024-09-14T07:50:24.082Z,,
8/17/2024,pool Trencin ,Sports & Leisure → Events,Sports & Leisure,Events,€13.00,,,,2024-09-13T15:15:58.654Z,,
8/17/2024,snacks,Dining → Restaurants,Dining,Restaurants,€18.30,,,,2024-09-13T15:18:43.731Z,,
8/17/2024,drinks out ,Dining → Coffee Shops,Dining,Coffee Shops,€13.10,,,,2024-09-13T15:30:58.460Z,,
8/17/2024,airhelp,Subscriptions,Subscriptions,,€40.00,,,Ryan travel,2024-09-14T07:53:44.475Z,,
8/19/2024,eat out ,Dining → Restaurants,Dining,Restaurants,€22.00,,,,2024-09-13T15:26:52.940Z,,
8/19/2024,stansted airside,Transportation → Trains,Transportation,Trains,€40.00,,,Ryan travel,2024-09-14T07:54:04.215Z,,
8/20/2024,pool,Sports & Leisure → Events,Sports & Leisure,Events,€7.50,,,,2024-09-13T15:24:52.322Z,,
8/20/2024,food,Shopping → Groceries,Shopping,Groceries,€50.38,,,,2024-09-13T15:25:42.329Z,,
8/24/2024,food,Shopping → Groceries,Shopping,Groceries,€11.51,,,,2024-09-13T15:24:14.585Z,,
8/24/2024,Bibi desk,Home & Garden → Furniture,Home & Garden,Furniture,€138.00,,,,2024-09-14T07:55:40.207Z,,
8/25/2024,Beh Dubnikom,Sports & Leisure → Sporting Events,Sports & Leisure,Sporting Events,€18.00,,,,2024-09-14T07:56:15.283Z,,
8/26/2024,cooltura,Dining → Coffee Shops,Dining,Coffee Shops,€8.00,,,,2024-09-13T15:23:27.911Z,,
8/28/2024,snacks,Shopping → Groceries,Shopping,Groceries,€16.75,,,,2024-09-13T15:22:58.973Z,,
8/28/2024,food,Shopping → Groceries,Shopping,Groceries,€66.66,,,,2024-09-13T15:22:27.138Z,,
8/28/2024,gas,Automotive → Fuel,Automotive,Fuel,€72.76,,,,2024-09-13T15:22:44.798Z,,
8/28/2024,ice cream,Dining → Coffee Shops,Dining,Coffee Shops,€8.00,,,,2024-09-13T15:34:25.376Z,,
8/28/2024,"Bibi chair, pillows",Home & Garden → Furniture,Home & Garden,Furniture,€63.40,,,,2024-09-14T07:57:29.214Z,,
8/28/2024,Car repair Auto koiš,Automotive → Maintenance & Repairs,Automotive,Maintenance & Repairs,€150.00,,,,2024-09-14T08:02:21.486Z,,
8/30/2024,pool Myjava 2x,Sports & Leisure → Events,Sports & Leisure,Events,€26.00,,,,2024-09-13T15:34:00.336Z,,
8/31/2024,various,Home & Garden → Home Décor,Home & Garden,Home Décor,€9.00,,,,2024-09-13T15:19:40.922Z,,
8/31/2024,drogeria,Shopping → Health & Beauty,Shopping,Health & Beauty,€24.74,,,,2024-09-13T15:20:10.875Z,,
8/31/2024,school supplies,Shopping → Office Supplies,Shopping,Office Supplies,€15.00,,,,2024-09-13T15:33:15.331Z,,
9/1/2024,pool myjava,Sports & Leisure → Events,Sports & Leisure,Events,€13.00,,,,2024-09-14T08:15:51.038Z,,
9/1/2024,charity,Shopping → Gifts,Shopping,Gifts,€10.00,,,,2024-09-14T08:27:29.710Z,,
9/2/2024,snacks,Shopping → Groceries,Shopping,Groceries,€3.95,,,,2024-09-14T08:16:17.064Z,,
9/2/2024,school supplies,Shopping → Office Supplies,Shopping,Office Supplies,€7.75,,,,2024-09-14T08:16:39.085Z,,
9/2/2024,meat,Shopping → Groceries,Shopping,Groceries,€8.29,,,,2024-09-14T08:17:08.013Z,,
9/2/2024,food,Shopping → Groceries,Shopping,Groceries,€48.06,,,,2024-09-14T08:18:21.194Z,,
9/2/2024,mama labels,Shopping → Office Supplies,Shopping,Office Supplies,€49.85,,,,2024-09-14T08:28:28.510Z,,
9/4/2024,STK,Automotive → Maintenance & Repairs,Automotive,Maintenance & Repairs,€45.00,,,,2024-09-14T08:25:47.445Z,,
9/4/2024,Bathory cross registr,Sports & Leisure → Sporting Events,Sports & Leisure,Sporting Events,€15.00,,,,2024-09-14T08:28:58.642Z,,
9/6/2024,cakes ,Dining → Coffee Shops,Dining,Coffee Shops,€10.00,,,,2024-09-14T08:19:01.220Z,,
9/6/2024,dobrodejka,Shopping → Groceries,Shopping,Groceries,€10.88,,,,2024-09-14T08:19:35.188Z,,
9/6/2024,pepco,Home & Garden → Home Décor,Home & Garden,Home Décor,€10.80,,,,2024-09-14T08:20:14.563Z,,
9/6/2024,štipec,Shopping → Health & Beauty,Shopping,Health & Beauty,€3.00,,,,2024-09-14T08:20:39.710Z,,
9/6/2024,food,Shopping → Groceries,Shopping,Groceries,€6.34,,,,2024-09-14T08:21:11.100Z,,
9/7/2024,drinks out ,Dining → Coffee Shops,Dining,Coffee Shops,€11.00,,,,2024-09-14T08:21:49.605Z,,
9/7/2024,eat out lunch  andiamo,Dining → Restaurants,Dining,Restaurants,€30.00,,,,2024-09-14T08:22:30.431Z,,
9/8/2024,food,Shopping → Groceries,Shopping,Groceries,€64.39,,,,2024-09-14T08:23:08.295Z,,
9/8/2024,house wood,Other,Other,,€260.00,,,WOOD for heating!,2024-09-14T08:31:58.029Z,,
9/8/2024,art supplies,Shopping → BB,Shopping,BB,€41.15,,,,2024-09-14T08:32:45.815Z,,
9/9/2024,Bolt taxi,Transportation → Buses,Transportation,Buses,€9.00,,,Ryan travel - BOLT,2024-09-14T08:33:21.451Z,,
9/10/2024,school supplies,Shopping → BB,Shopping,BB,€9.45,,,,2024-09-14T08:33:35.373Z,,
9/10/2024,Dr max,Shopping → Health & Beauty,Shopping,Health & Beauty,€44.36,,,,2024-09-14T08:33:58.314Z,,
9/11/2024,eat out lunch andiamo,Dining → Restaurants,Dining,Restaurants,€20.00,,,,2024-09-14T08:14:55.980Z,,
9/11/2024,food,Shopping → Groceries,Shopping,Groceries,€34.84,,,,2024-09-14T08:24:11.014Z,,
9/11/2024,supplements,Healthcare → Vitamins & Supplements,Healthcare,Vitamins & Supplements,€11.08,,,,2024-09-14T08:25:05.696Z,,
9/13/2024,Dr max,Healthcare → Vitamins & Supplements,Healthcare,Vitamins & Supplements,€14.18,,,,2024-11-12T18:58:15.915Z,,
9/14/2024,food,Shopping → Groceries,Shopping,Groceries,€62.63,,,,2024-11-12T18:53:11.471Z,,
9/16/2024,papiernictvo,Shopping → Office Supplies,Shopping,Office Supplies,€20.40,,,,2024-11-12T19:01:24.742Z,,
9/16/2024,food,Shopping → Groceries,Shopping,Groceries,€35.11,,,,2024-11-12T18:57:29.575Z,,
9/16/2024,ryan massage,Healthcare → Wellness,Healthcare,Wellness,€25.00,,,,2024-11-13T21:05:05.224Z,,
9/17/2024,Naďa shoes,"Shopping → Clothing, Shoes & Accessories",Shopping,"Clothing, Shoes & Accessories",€69.00,,,,2024-11-12T19:00:12.518Z,,
9/17/2024,eat out,Dining → Restaurants,Dining,Restaurants,€4.50,,,,2024-11-12T19:01:57.624Z,,
9/17/2024,coffe cake,Dining → Coffee Shops,Dining,Coffee Shops,€10.00,,,,2024-11-12T19:07:30.793Z,,
9/17/2024,storage boxes,Home & Garden → Home Décor,Home & Garden,Home Décor,€18.00,,,,2024-11-12T19:08:33.501Z,,
9/17/2024,Naďa and BB clothes,"Shopping → Clothing, Shoes & Accessories",Shopping,"Clothing, Shoes & Accessories",€38.00,,,,2024-11-12T19:13:21.831Z,,
9/17/2024,BB pokemon cards,Shopping → BB,Shopping,BB,€4.00,,,,2024-11-12T19:13:16.167Z,,
9/17/2024,billa ,Shopping → Groceries,Shopping,Groceries,€16.00,,,,2024-11-12T19:14:14.932Z,,
9/17/2024,bulbs,Home & Garden → Garden Supplies & Plants,Home & Garden,Garden Supplies & Plants,€6.00,,,,2024-11-12T19:15:19.493Z,,
9/18/2024,food,Shopping → Groceries,Shopping,Groceries,€4.19,,,,2024-11-12T18:59:29.366Z,,
9/18/2024,BB dental hygiene,Healthcare → Dental Care,Healthcare,Dental Care,€41.00,,,,2024-11-12T19:06:02.156Z,,
9/18/2024,food tesco ,Shopping → Groceries,Shopping,Groceries,€45.00,,,,2024-11-12T19:06:49.662Z,,
9/19/2024,cake ,Dining → Coffee Shops,Dining,Coffee Shops,€9.00,,,,2024-11-12T19:02:23.215Z,,
9/19/2024,BB ,Healthcare → Dental Care,Healthcare,Dental Care,€137.00,,,,2024-11-12T19:04:47.548Z,,
9/20/2024,zuby RTG,Healthcare → Dental Care,Healthcare,Dental Care,€15.00,,,,2024-11-12T19:01:03.520Z,,
9/21/2024,drinks out ,Shopping → Groceries,Shopping,Groceries,€3.75,,,,2024-11-12T19:18:09.236Z,,
9/21/2024,drinks out ,Dining → Bars & Drinks,Dining,Bars & Drinks,€15.50,,,,2024-11-12T20:08:10.376Z,,
9/22/2024,food billa,Shopping → Groceries,Shopping,Groceries,€79.53,,,,2024-11-12T20:15:30.617Z,,
9/23/2024,food,Shopping → Groceries,Shopping,Groceries,€4.73,,,,2024-11-12T20:18:31.761Z,,
9/23/2024,ryan massage,Healthcare → Wellness,Healthcare,Wellness,€25.00,,,,2024-11-13T21:06:15.382Z,,
9/24/2024,billa ,Shopping → Groceries,Shopping,Groceries,€6.78,,,,2024-11-12T19:15:59.918Z,,
9/25/2024,food,Shopping → Groceries,Shopping,Groceries,€8.42,,,,2024-11-12T20:16:17.188Z,,
9/26/2024,Nada socks,"Shopping → Clothing, Shoes & Accessories",Shopping,"Clothing, Shoes & Accessories",€2.50,,,,2024-11-12T19:18:51.751Z,,
9/26/2024,puder,Shopping → Health & Beauty,Shopping,Health & Beauty,€7.00,,,,2024-11-12T19:19:52.392Z,,
9/26/2024,stuff for kids,Shopping → BB,Shopping,BB,€11.10,,,,2024-11-12T19:22:12.896Z,,
9/26/2024,Mcdonalds lunch,Dining → Restaurants,Dining,Restaurants,€20.10,,,,2024-11-12T19:27:26.383Z,,
9/26/2024,Nada accessories,"Shopping → Clothing, Shoes & Accessories",Shopping,"Clothing, Shoes & Accessories",€7.47,,,,2024-11-12T20:00:17.497Z,,
9/26/2024,bulbs,Home & Garden → Garden Supplies & Plants,Home & Garden,Garden Supplies & Plants,€23.53,,,,2024-11-12T20:00:50.776Z,,
9/26/2024,gas,Automotive → Fuel,Automotive,Fuel,€67.39,,,,2024-11-12T20:04:33.825Z,,
9/26/2024,coat,"Shopping → Clothing, Shoes & Accessories",Shopping,"Clothing, Shoes & Accessories",€60.50,,,,2024-11-12T20:10:33.486Z,,
9/27/2024,food,Shopping → Groceries,Shopping,Groceries,€14.05,,,,2024-11-12T20:17:41.585Z,,
9/27/2024,drinks out  and dinner,Dining → Restaurants,Dining,Restaurants,€26.00,,,,2024-11-12T20:34:37.772Z,,
9/27/2024,Pepco,Shopping → BB,Shopping,BB,€4.45,,,,2024-11-12T20:37:11.717Z,,
9/27/2024,food,Shopping → Groceries,Shopping,Groceries,€7.71,,,,2024-11-12T20:37:52.915Z,,
9/27/2024,coloring book,Shopping → Alex,Shopping,Alex,€5.50,,,,2024-11-12T20:38:43.228Z,,
9/28/2024,food ,Shopping → Groceries,Shopping,Groceries,€34.44,,,,2024-11-12T20:17:01.645Z,,
9/30/2024,food,Shopping → Groceries,Shopping,Groceries,€53.85,,,,2024-11-12T20:19:07.952Z,,
9/30/2024,BB clothes,Shopping → BB,Shopping,BB,€10.57,,,,2024-11-12T20:20:11.170Z,,
9/30/2024,accessories,"Shopping → Clothing, Shoes & Accessories",Shopping,"Clothing, Shoes & Accessories",€6.00,,,,2024-11-12T20:21:30.092Z,,
9/30/2024,BB clothes,Shopping → BB,Shopping,BB,€28.41,,,,2024-11-12T20:22:19.562Z,,
9/30/2024,Oski gift ,Shopping → Gifts,Shopping,Gifts,€20.50,,,,2024-11-12T20:30:45.173Z,,
9/30/2024,Alex books,Shopping → Alex,Shopping,Alex,€9.00,,,,2024-11-12T20:31:01.269Z,,
9/30/2024,cooltura,Dining → Coffee Shops,Dining,Coffee Shops,€15.00,,,,2024-11-12T20:40:23.145Z,,
9/30/2024,pošta,Other,Other,,€2.90,,,,2024-11-12T20:40:46.010Z,,
9/30/2024,uradny preklad alex docs,Other,Other,,€50.00,,,,2024-11-12T20:41:17.028Z,,
10/1/2024,snacks,Shopping → Groceries,Shopping,Groceries,€8.30,,,,2024-11-14T08:44:53.942Z,,
10/2/2024,Ryan stolen wallet,Other,Other,,"€1,600.00",,,,2024-11-13T21:14:59.653Z,,
10/3/2024,food,Shopping → Groceries,Shopping,Groceries,€13.01,,,,2024-11-14T08:42:34.241Z,,
10/3/2024,bills food,Shopping → Groceries,Shopping,Groceries,€28.19,,,,2024-11-14T08:43:39.699Z,,
10/3/2024,vienna train,Transportation → Trains,Transportation,Trains,€8.00,,,,2024-11-14T08:54:28.917Z,,
10/4/2024,papiernicstvo,Shopping → Office Supplies,Shopping,Office Supplies,€5.10,,,,2024-11-14T08:35:22.968Z,,
10/5/2024,hravy svet,Sports & Leisure → Events,Sports & Leisure,Events,€33.00,,,,2024-11-13T21:54:25.235Z,,
10/5/2024,gas,Automotive → Fuel,Automotive,Fuel,€31.50,,,,2024-11-13T21:56:52.299Z,,
10/5/2024,snacks,Shopping → Groceries,Shopping,Groceries,€13.50,,,,2024-11-13T21:57:21.472Z,,
10/5/2024,Ryan new phone,Shopping → Electronics,Shopping,Electronics,€450.00,,,,2024-11-14T08:39:36.180Z,,
10/5/2024,Starbucsk,Dining → Coffee Shops,Dining,Coffee Shops,€17.20,,,,2024-11-14T08:40:07.902Z,,
10/5/2024,lunch BA,Dining → Restaurants,Dining,Restaurants,€51.93,,,,2024-11-14T08:40:47.606Z,,
10/5/2024,O2,Shopping → Electronics,Shopping,Electronics,€10.00,,,,2024-11-14T08:45:45.822Z,,
10/5/2024,eurove parking,Automotive → Parking & Tolls,Automotive,Parking & Tolls,€7.00,,,,2024-11-14T08:46:27.561Z,,
10/6/2024,food,Shopping → Groceries,Shopping,Groceries,€25.36,,,,2024-11-13T21:49:56.772Z,,
10/7/2024,lunch,Dining → Restaurants,Dining,Restaurants,€16.80,,,,2024-11-14T08:38:52.795Z,,
10/9/2024,meds,Healthcare → Medicine & Prescriptions,Healthcare,Medicine & Prescriptions,€5.73,,,,2024-11-13T21:50:39.764Z,,
10/9/2024,food,Shopping → Groceries,Shopping,Groceries,€89.33,,,,2024-11-13T21:52:05.516Z,,
10/9/2024,kolok ryan nove ID,Other,Other,,€54.00,,,,2024-11-14T09:35:39.315Z,,
10/10/2024,food,Shopping → Groceries,Shopping,Groceries,€35.43,,,,2024-11-13T21:48:26.093Z,,
10/10/2024,school supplies,Shopping → Office Supplies,Shopping,Office Supplies,€4.20,,,,2024-11-14T08:56:18.598Z,,
10/11/2024,drinks,Dining → Bars & Drinks,Dining,Bars & Drinks,€12.40,,,,2024-11-13T21:35:07.858Z,,
10/11/2024,stuff for kids,Vacation → Other,Vacation,Other,€8.00,,,,2024-11-13T21:44:00.650Z,,
10/11/2024,food,Shopping → Groceries,Shopping,Groceries,€35.62,,,,2024-11-13T21:47:48.745Z,,
10/11/2024,lunch,Dining → Restaurants,Dining,Restaurants,€21.40,,,,2024-11-13T21:52:42.768Z,,
10/12/2024,Nadae ext hardrive,Shopping → Electronics,Shopping,Electronics,€125.00,,,,2024-11-14T09:38:37.713Z,,
10/13/2024,vienna airport parking,Vacation → Other,Vacation,Other,€130.00,,,,2024-11-14T09:41:35.872Z,,
10/14/2024,food,Shopping → Groceries,Shopping,Groceries,€10.26,,,,2024-11-13T21:28:41.247Z,,
10/14/2024,food,Shopping → Groceries,Shopping,Groceries,€47.37,,,,2024-11-13T21:38:11.459Z,,
10/15/2024,101 drogeria,Home & Garden → Home Repairs & Maintenance,Home & Garden,Home Repairs & Maintenance,€12.28,,,,2024-11-13T21:42:57.658Z,,
10/15/2024,food,Shopping → Groceries,Shopping,Groceries,€2.20,,,,2024-11-13T21:43:32.783Z,,
10/15/2024,body lotion,Shopping → Health & Beauty,Shopping,Health & Beauty,€7.49,,,,2024-11-13T21:46:24.620Z,,
10/15/2024,lunch,Dining → Restaurants,Dining,Restaurants,€16.80,,,,2024-11-13T21:47:24.891Z,,
10/15/2024,food,Shopping → Groceries,Shopping,Groceries,€3.80,,,,2024-11-14T08:36:32.705Z,,
10/15/2024,Dr max,Healthcare → Vitamins & Supplements,Healthcare,Vitamins & Supplements,€42.64,,,,2024-11-14T09:39:54.566Z,,
10/16/2024,BB dental scan ,Healthcare → Dental Care,Healthcare,Dental Care,€114.00,,,,2024-11-14T08:35:58.686Z,,
10/16/2024,ryan glasses,Healthcare → Medicine & Prescriptions,Healthcare,Medicine & Prescriptions,€260.00,,,,2024-11-14T09:40:25.189Z,,
10/17/2024,BB clothes,Shopping → BB,Shopping,BB,€14.46,,,,2024-11-13T21:44:37.261Z,,
10/17/2024,nada dentist,Healthcare → Dental Care,Healthcare,Dental Care,€65.00,,,,2024-11-13T21:45:24.525Z,,
10/17/2024,Ryan new drivers licence,Other,Other,,€40.00,,,,2024-11-14T08:37:07.747Z,,
10/17/2024,Ryan leather jacket,"Shopping → Clothing, Shoes & Accessories",Shopping,"Clothing, Shoes & Accessories",€280.00,,,,2024-11-14T08:37:46.053Z,,
10/19/2024,food,Shopping → Groceries,Shopping,Groceries,€56.89,,,,2024-11-13T21:32:59.806Z,,
10/21/2024,food,Shopping → Groceries,Shopping,Groceries,€19.83,,,,2024-11-13T21:21:41.506Z,,
10/21/2024,food,Shopping → Groceries,Shopping,Groceries,€4.35,,,,2024-11-13T21:22:04.207Z,,
10/21/2024,kids stuff,"Shopping → Clothing, Shoes & Accessories",Shopping,"Clothing, Shoes & Accessories",€22.00,,,,2024-11-13T21:22:44.082Z,,
10/22/2024,Mcdonalds lunch,Dining → Restaurants,Dining,Restaurants,€19.80,,,,2024-11-13T21:20:13.508Z,,
10/22/2024,gas,Automotive → Fuel,Automotive,Fuel,€60.15,,,,2024-11-13T21:20:37.828Z,,
10/22/2024,meds,Healthcare → Medicine & Prescriptions,Healthcare,Medicine & Prescriptions,€13.77,,,,2024-11-13T21:24:42.565Z,,
10/22/2024,alex undies,Shopping → Alex,Shopping,Alex,€8.80,,,,2024-11-13T21:25:43.733Z,,
10/22/2024,coffee,Dining → Coffee Shops,Dining,Coffee Shops,€4.40,,,,2024-11-13T21:26:27.651Z,,
10/22/2024,batteries,Shopping → Electronics,Shopping,Electronics,€10.00,,,,2024-11-13T21:27:27.207Z,,
10/22/2024,food tesco ,Shopping → Groceries,Shopping,Groceries,€4.05,,,,2024-11-13T21:30:39.622Z,,
10/23/2024,stuff for kids,Home & Garden → Home Repairs & Maintenance,Home & Garden,Home Repairs & Maintenance,€6.05,,,,2024-11-13T21:23:42.875Z,,
10/23/2024,101 drogeria,Shopping → Health & Beauty,Shopping,Health & Beauty,€6.66,,,,2024-11-13T21:28:16.767Z,,
10/23/2024,fľaša,Shopping → Alex,Shopping,Alex,€4.00,,,,2024-11-13T21:29:16.813Z,,
10/23/2024,accessories,"Shopping → Clothing, Shoes & Accessories",Shopping,"Clothing, Shoes & Accessories",€9.00,,,,2024-11-13T21:30:12.063Z,,
10/24/2024,funnyland,Sports & Leisure → Events,Sports & Leisure,Events,€14.00,,,,2024-11-13T21:19:06.476Z,,
10/24/2024,mikina nada,"Shopping → Clothing, Shoes & Accessories",Shopping,"Clothing, Shoes & Accessories",€12.99,,,,2024-11-14T08:47:14.629Z,,
10/24/2024,snacks,Shopping → Groceries,Shopping,Groceries,€4.80,,,,2024-11-14T11:57:49.488Z,,
10/24/2024,sweater,"Shopping → Clothing, Shoes & Accessories",Shopping,"Clothing, Shoes & Accessories",€19.99,,,,2024-11-14T08:51:04.274Z,,
10/24/2024,ryanair something,Vacation → Flights,Vacation,Flights,€54.00,,,,2024-11-14T09:57:07.746Z,,
10/24/2024,decathlon,"Shopping → Clothing, Shoes & Accessories",Shopping,"Clothing, Shoes & Accessories",€41.00,,,,2024-11-14T11:56:27.268Z,,
10/24/2024,Mcdonalds lunch,Dining → Restaurants,Dining,Restaurants,€38.50,,,,2025-01-04T16:39:33.133Z,,
10/24/2024,decathlon,"Shopping → Clothing, Shoes & Accessories",Shopping,"Clothing, Shoes & Accessories",€36.20,,,,2025-01-04T16:43:31.499Z,,
10/25/2024,snacks + inflight snacks,Dining → Coffee Shops,Dining,Coffee Shops,€26.00,,,,2024-11-14T11:59:32.713Z,,
10/25/2024,austria highway sticker,Vacation → Other,Vacation,Other,€11.50,,,,2024-11-14T09:59:36.097Z,,
10/25/2024,snacks bluebar,Dining → Coffee Shops,Dining,Coffee Shops,€14.00,,,,2024-11-14T12:00:07.204Z,,
10/27/2024,chocolate,Shopping → Groceries,Shopping,Groceries,€44.50,,,,2024-11-14T09:11:18.354Z,,
10/27/2024,ice cream,Dining → Coffee Shops,Dining,Coffee Shops,€15.00,,,,2024-11-14T12:01:34.916Z,,
10/28/2024,pizza,Dining → Restaurants,Dining,Restaurants,€16.00,,,,2024-11-14T08:58:15.065Z,,
10/28/2024,lunch catania,Dining → Restaurants,Dining,Restaurants,€70.00,,,,2024-11-14T09:00:59.488Z,,
10/29/2024,coffee,Dining → Coffee Shops,Dining,Coffee Shops,€5.50,,,,2024-11-14T08:57:33.281Z,,
10/30/2024,pizza,Dining → Restaurants,Dining,Restaurants,€16.00,,,,2024-11-14T09:00:10.077Z,,
10/30/2024,cafe Siracusa,Dining → Coffee Shops,Dining,Coffee Shops,€22.00,,,,2024-11-14T09:02:11.583Z,,
10/30/2024,snacks,Shopping → Groceries,Shopping,Groceries,€6.48,,,,2024-11-14T09:07:31.291Z,,
10/30/2024,Siracusa greek theater,Vacation → Other,Vacation,Other,€66.00,,,,2024-11-14T09:09:24.669Z,,
10/31/2024,dining out,Dining → Restaurants,Dining,Restaurants,€27.00,,,,2024-11-14T08:55:44.316Z,,
10/31/2024,dining out,Dining → Restaurants,Dining,Restaurants,€35.00,,,,2024-11-14T08:56:43.382Z,,
10/31/2024,Etna cable car,Vacation → Other,Vacation,Other,€130.00,,,,2024-11-14T09:04:52.046Z,,
10/31/2024,souvenirs Etna,Vacation → Other,Vacation,Other,€41.00,,,,2024-11-14T12:05:22.408Z,,
11/1/2024,ryanair,Vacation → Flights,Vacation,Flights,€59.00,,,,2024-11-14T12:07:17.553Z,,
11/2/2024,amarula,Shopping → Groceries,Shopping,Groceries,€17.40,,,,2024-11-14T09:03:01.026Z,,
11/2/2024,Ryanair luggge,Vacation → Flights,Vacation,Flights,€65.00,,,,2024-11-14T09:03:52.724Z,,
11/2/2024,snacks,Dining → Coffee Shops,Dining,Coffee Shops,€12.70,,,,2024-11-14T09:05:31.984Z,,
11/2/2024,snacks?,Shopping → Groceries,Shopping,Groceries,€13.30,,,,2024-11-14T12:08:33.773Z,,
11/2/2024,dining krakow airport,Dining → Restaurants,Dining,Restaurants,€85.35,,,,2024-11-14T12:11:03.934Z,,
11/2/2024,inflight snacks,Dining → Restaurants,Dining,Restaurants,€6.50,,,,2024-11-14T12:11:07.584Z,,
11/2/2024,snacks airport,Dining → Coffee Shops,Dining,Coffee Shops,€13.30,,,,2025-01-04T16:29:24.758Z,,
11/2/2024,Krakow airport restaurant ,Dining → Restaurants,Dining,Restaurants,€86.00,,,,2025-01-04T16:33:39.885Z,,
11/3/2024,Tesco,Shopping → Groceries,Shopping,Groceries,€66.37,,,,2025-01-04T16:44:25.060Z,,
11/4/2024,lunch,Dining → Restaurants,Dining,Restaurants,€13.80,,,,2025-01-04T16:32:35.842Z,,
11/4/2024,billa ,Shopping → Groceries,Shopping,Groceries,€9.49,,,,2025-01-04T16:34:58.801Z,,
11/5/2024,papučky,Shopping → BB,Shopping,BB,€10.00,,,,2025-01-04T16:30:29.765Z,,
11/5/2024,DM,Shopping → Health & Beauty,Shopping,Health & Beauty,€12.30,,,,2025-01-04T16:31:07.395Z,,
11/5/2024,LD Derma keratozy,Healthcare → Surgeries & Procedures,Healthcare,Surgeries & Procedures,€150.00,,,,2025-01-04T16:32:00.896Z,,
11/5/2024,Tilia hanger,Home & Garden → Furniture,Home & Garden,Furniture,€34.00,,,,2025-01-04T16:47:55.690Z,,
11/5/2024,bakery,Shopping → Groceries,Shopping,Groceries,€7.10,,,,2025-01-04T16:48:43.578Z,,
11/6/2024,lunch,Dining → Restaurants,Dining,Restaurants,€16.80,,,,2025-01-04T16:28:04.087Z,,
11/6/2024,postage,Other,Other,,€5.10,,,,2025-01-04T16:46:39.962Z,,
11/6/2024,billa ,Shopping → Groceries,Shopping,Groceries,€42.29,,,,2025-01-04T16:47:15.525Z,,
11/7/2024,Running hydration pack,"Shopping → Clothing, Shoes & Accessories",Shopping,"Clothing, Shoes & Accessories",€38.41,,,,2025-01-04T16:45:32.077Z,,
11/7/2024,gas,Automotive → Fuel,Automotive,Fuel,€69.56,,,,2025-01-04T16:49:10.556Z,,
11/8/2024,Tesco,Shopping → Groceries,Shopping,Groceries,€5.97,,,,2025-01-04T16:27:35.715Z,,
11/9/2024,Race Naďa,Sports & Leisure → Sporting Events,Sports & Leisure,Sporting Events,€25.00,,,,2025-01-04T16:28:40.605Z,,
11/10/2024,lunch inovec,Dining → Restaurants,Dining,Restaurants,€22.00,,,,2025-01-04T16:51:55.395Z,,
11/11/2024,billa ,Shopping → Groceries,Shopping,Groceries,€114.68,,,,2025-01-04T16:52:40.160Z,,
11/11/2024,pepco ,"Shopping → Clothing, Shoes & Accessories",Shopping,"Clothing, Shoes & Accessories",€19.90,,,,2025-01-04T16:53:48.261Z,,
11/12/2024,Tesco,Shopping → Groceries,Shopping,Groceries,€8.82,,,,2025-01-04T16:26:48.003Z,,
11/12/2024,lidl xmas presents kids,Shopping → Alex,Shopping,Alex,€41.00,,,,2025-01-04T16:54:41.865Z,,
11/12/2024,lidl,Shopping → Groceries,Shopping,Groceries,€46.00,,,,2025-01-04T16:55:11.823Z,,
11/12/2024,dentist nada,Healthcare → Dental Care,Healthcare,Dental Care,€80.00,,,,2025-01-04T16:55:49.134Z,,
11/13/2024,tesco,Shopping → Groceries,Shopping,Groceries,€12.00,,,,2025-01-04T16:50:12.720Z,,
11/13/2024,lunch,Dining → Restaurants,Dining,Restaurants,€48.30,,,,2025-01-04T16:50:36.005Z,,
11/15/2024,kaufland,Shopping → Groceries,Shopping,Groceries,€33.75,,,,2025-01-04T16:57:55.958Z,,
11/15/2024,deichman shoe stuff,"Shopping → Clothing, Shoes & Accessories",Shopping,"Clothing, Shoes & Accessories",€13.97,,,,2025-01-04T16:57:05.068Z,,
11/15/2024,hotel room Julian,Shopping → Gifts,Shopping,Gifts,€68.00,,,,2025-01-04T16:58:23.434Z,,
11/15/2024,snacks,Shopping → Groceries,Shopping,Groceries,€10.25,,,,2025-01-04T17:02:23.315Z,,
11/15/2024,tedi party stuff,Shopping → Office Supplies,Shopping,Office Supplies,€14.55,,,,2025-01-04T17:00:09.173Z,,
11/15/2024,baloons,Shopping → Office Supplies,Shopping,Office Supplies,€6.98,,,,2025-01-04T17:00:42.681Z,,
11/15/2024,bottles for party,Shopping → Office Supplies,Shopping,Office Supplies,€28.00,,,,2025-01-04T17:01:32.699Z,,
11/16/2024,billa ,Shopping → Groceries,Shopping,Groceries,€10.37,,,,2025-01-04T17:02:49.971Z,,
11/16/2024,pagačiky for party,Shopping → Groceries,Shopping,Groceries,€44.70,,,,2025-01-04T17:10:36.472Z,,
11/17/2024,Ryan PARTY,Sports & Leisure → Events,Sports & Leisure,Events,"€1,634.00",,,,2025-01-04T17:09:29.002Z,,
11/19/2024,lunch,Dining → Restaurants,Dining,Restaurants,€21.90,,,,2025-01-04T17:05:40.503Z,,
11/19/2024,tesco,Shopping → Groceries,Shopping,Groceries,€15.87,,,,2025-01-04T17:06:42.371Z,,
11/19/2024,101,Shopping → Health & Beauty,Shopping,Health & Beauty,€32.94,,,,2025-01-04T17:07:23.580Z,,
11/19/2024,lunch,Dining → Restaurants,Dining,Restaurants,€5.50,,,,2025-01-04T17:07:57.323Z,,
11/19/2024,magazine and stuff,Other,Other,,€8.30,,,,2025-01-04T17:09:46.816Z,,
11/19/2024,Mimeo Photobook,Other,Other,,€93.95,,,,2025-01-04T20:50:35.667Z,,
11/21/2024,lidl,Shopping → Groceries,Shopping,Groceries,€53.62,,,,2025-01-04T17:11:14.741Z,,
11/21/2024,train ,Transportation → Trains,Transportation,Trains,€6.50,,,,2025-01-04T17:31:57.481Z,,
11/22/2024,pens,Shopping → Office Supplies,Shopping,Office Supplies,€4.60,,,,2025-01-04T17:12:08.634Z,,
11/22/2024,billa gifts,Shopping → Gifts,Shopping,Gifts,€14.50,,,,2025-01-04T17:12:56.274Z,,
11/22/2024,billa,Shopping → Groceries,Shopping,Groceries,€30.60,,,,2025-01-04T17:15:25.590Z,,
11/22/2024,pepco ,Home & Garden → Home Décor,Home & Garden,Home Décor,€26.00,,,,2025-01-04T17:14:18.286Z,,
11/22/2024,pepco ,Home & Garden → Home Décor,Home & Garden,Home Décor,€14.00,,,,2025-01-04T17:14:52.624Z,,
11/25/2024,lunch,Dining → Restaurants,Dining,Restaurants,€16.40,,,,2025-01-04T17:15:59.943Z,,
11/25/2024,gas,Automotive → Fuel,Automotive,Fuel,€70.32,,,,2025-01-04T17:18:26.925Z,,
11/26/2024,pepco,Home & Garden → Home Décor,Home & Garden,Home Décor,€15.60,,,,2025-01-04T17:17:49.501Z,,
11/26/2024,lidl,Home & Garden → Home Décor,Home & Garden,Home Décor,€13.65,,,,2025-01-04T17:19:12.225Z,,
11/26/2024,vymena pneumatik,Automotive → Maintenance & Repairs,Automotive,Maintenance & Repairs,€102.40,,,,2025-01-04T17:20:03.576Z,,
11/26/2024,lunch ,Dining → Restaurants,Dining,Restaurants,€14.70,,,,2025-01-04T17:20:41.398Z,,
11/26/2024,pepco ,Home & Garden → Home Décor,Home & Garden,Home Décor,€9.00,,,,2025-01-04T17:21:54.727Z,,
11/26/2024,dentist nada,Healthcare → Dental Care,Healthcare,Dental Care,€160.00,,,,2025-01-04T17:22:26.685Z,,
11/26/2024,LD derma facial ,Grooming,Grooming,,€100.00,,,,2025-01-04T17:23:03.611Z,,
11/26/2024,timea flower shop,Home & Garden → Home Décor,Home & Garden,Home Décor,€13.00,,,,2025-01-04T17:31:04.925Z,,
11/27/2024,pepco ,Home & Garden → Home Décor,Home & Garden,Home Décor,€5.00,,,,2025-01-04T17:16:24.037Z,,
11/27/2024,billa,Shopping → Groceries,Shopping,Groceries,€51.57,,,,2025-01-04T17:17:10.703Z,,
11/28/2024,iris flower pots,Home & Garden → Home Décor,Home & Garden,Home Décor,€39.40,,,,2025-01-04T17:27:28.537Z,,
11/28/2024,gazda soil,Home & Garden → Garden Supplies & Plants,Home & Garden,Garden Supplies & Plants,€10.90,,,,2025-01-04T17:28:08.613Z,,
11/28/2024,pepco,Home & Garden → Home Décor,Home & Garden,Home Décor,€87.50,,,,2025-01-04T17:31:31.733Z,,
11/29/2024,food,Shopping → Groceries,Shopping,Groceries,€10.70,,,,2025-01-04T17:28:49.691Z,,
11/29/2024,pepco,Home & Garden → Home Décor,Home & Garden,Home Décor,€9.00,,,,2025-01-04T17:25:16.781Z,,
11/29/2024,??,Home & Garden → Home Décor,Home & Garden,Home Décor,€17.50,,,,2025-01-04T17:26:47.128Z,,
11/29/2024,tesco,Shopping → Groceries,Shopping,Groceries,€5.59,,,,2025-01-04T17:30:16.835Z,,
11/30/2024,car wash ,Automotive → Maintenance & Repairs,Automotive,Maintenance & Repairs,€10.00,,,,2025-01-04T17:04:19.135Z,,
11/5/2024,DR mx vitamis,Healthcare → Vitamins & Supplements,Healthcare,Vitamins & Supplements,€20.38,,,,2025-01-04T20:34:58.344Z,,
11/5/2024,vinted,"Shopping → Clothing, Shoes & Accessories",Shopping,"Clothing, Shoes & Accessories",€12.30,,,,2025-01-04T20:36:55.219Z,,
11/6/2024,donio donation??,Other,Other,,€26.00,,,,2025-01-04T20:41:17.113Z,,
11/7/2024,vinted,Shopping → BB,Shopping,BB,€3.79,,,,2025-01-04T20:41:49.979Z,,
11/7/2024,"amazon - various electronics, home",Home & Garden → Appliances & Electronics,Home & Garden,Appliances & Electronics,€192.25,,,,2025-01-04T20:58:18.632Z,,
11/10/2024,vinted,Shopping → BB,Shopping,BB,€20.59,,,,2025-01-04T20:46:48.171Z,,
11/12/2024,VŠZP,Other,Other,,€26.08,,,,2025-01-04T20:48:04.924Z,,
11/14/2024,decathlon,"Shopping → Clothing, Shoes & Accessories",Shopping,"Clothing, Shoes & Accessories",€44.00,,,,2025-01-04T20:49:56.451Z,,
11/20/2024,Disney plus ,Subscriptions,Subscriptions,,€99.90,,,,2025-01-04T20:52:11.493Z,,
11/21/2024,london bus,Transportation → Buses,Transportation,Buses,€36.10,,,,2025-01-04T20:53:52.866Z,,
11/21/2024,eat out,Dining → Restaurants,Dining,Restaurants,€16.57,,,,2025-01-04T20:54:26.499Z,,
11/23/2024,bolt and train ,Transportation → Buses,Transportation,Buses,€13.60,,,,2025-01-04T20:55:41.165Z,,
11/28/2024,porcelain lunch set,Home & Garden → Home Décor,Home & Garden,Home Décor,€343.23,,,,2025-01-04T20:57:51.764Z,,
11/29/2024,"amazon - various electronics, home",Shopping → Electronics,Shopping,Electronics,€227.97,,,,2025-01-04T21:03:16.870Z,,
11/30/2024,AT highway sticker,Automotive → Parking & Tolls,Automotive,Parking & Tolls,€11.50,,,,2025-01-04T21:04:23.571Z,,
11/30/2024,AT eat out,Dining → Restaurants,Dining,Restaurants,€58.00,,,,2025-01-04T21:05:07.442Z,,
12/4/2024,tesco,Home & Garden → Home Décor,Home & Garden,Home Décor,€6.27,,,,2025-01-04T21:07:50.752Z,,
12/1/2024,snacks,Shopping → Groceries,Shopping,Groceries,€9.57,,,,2025-01-04T21:08:10.068Z,,
12/1/2024,lunch hohe wand,Dining → Restaurants,Dining,Restaurants,€65.00,,,,2025-01-04T21:09:32.290Z,,
12/5/2024,kik,Shopping → Office Supplies,Shopping,Office Supplies,€3.00,,,,2025-01-04T21:09:58.365Z,,
12/1/2024,hohe wand gift shop,Shopping → Health & Beauty,Shopping,Health & Beauty,€28.50,,,,2025-01-04T21:10:52.686Z,,
12/3/2024,lidl,Shopping → Groceries,Shopping,Groceries,€56.91,,,,2025-01-04T21:12:40.542Z,,
11/30/2024,snacks,Shopping → Groceries,Shopping,Groceries,€13.12,,,,2025-01-04T21:13:40.837Z,,
11/5/2024,light,Shopping → Electronics,Shopping,Electronics,€1.80,,,,2025-01-04T21:15:31.703Z,,
12/5/2024,pepco,Home & Garden → Home Décor,Home & Garden,Home Décor,€9.80,,,,2025-01-04T21:15:39.891Z,,
12/3/2024,food,Shopping → Groceries,Shopping,Groceries,€7.98,,,,2025-01-04T21:16:07.426Z,,
12/5/2024,101,Shopping → Health & Beauty,Shopping,Health & Beauty,€21.47,,,,2025-01-04T21:16:54.560Z,,
12/7/2024,eat out,Dining → Restaurants,Dining,Restaurants,€13.59,,,,2025-01-04T21:17:31.064Z,,
12/9/2024,billa,Shopping → Groceries,Shopping,Groceries,€12.86,,,,2025-01-04T21:18:09.277Z,,
12/3/2024,times flowers,Home & Garden → Home Décor,Home & Garden,Home Décor,€19.50,,,,2025-01-04T21:19:09.800Z,,
12/11/2024,monika gift,Shopping → Gifts,Shopping,Gifts,€39.90,,,,2025-01-04T21:20:02.663Z,,
12/9/2024,coffee,Dining → Coffee Shops,Dining,Coffee Shops,€16.40,,,,2025-01-04T21:20:32.529Z,,
12/11/2024,billa,Shopping → Groceries,Shopping,Groceries,€15.60,,,,2025-01-04T21:21:00.088Z,,
12/11/2024,car stuff,Automotive → Maintenance & Repairs,Automotive,Maintenance & Repairs,€11.29,,,,2025-01-04T21:21:48.760Z,,
12/19/2024,matus gift,Shopping → Gifts,Shopping,Gifts,€8.48,,,,2025-01-04T21:22:38.727Z,,
12/19/2024,pepco,Shopping → Gifts,Shopping,Gifts,€4.00,,,,2025-01-04T21:23:20.012Z,,
12/19/2024,billa,Shopping → Groceries,Shopping,Groceries,€20.36,,,,2025-01-04T21:24:09.167Z,,
12/19/2024,,Shopping → Groceries,Shopping,Groceries,€11.76,,,,2025-01-04T21:24:28.186Z,,
12/19/2024,pepco,"Shopping → Clothing, Shoes & Accessories",Shopping,"Clothing, Shoes & Accessories",€3.40,,,,2025-01-04T21:25:30.656Z,,
12/19/2024,billa,Shopping → Groceries,Shopping,Groceries,€65.11,,,,2025-01-04T21:25:55.087Z,,
12/19/2024,food,Shopping → Groceries,Shopping,Groceries,€4.28,,,,2025-01-04T21:26:37.174Z,,
12/18/2024,martinus,Shopping → Gifts,Shopping,Gifts,€33.95,,,,2025-01-04T21:27:16.107Z,,
12/18/2024,albi,Shopping → Gifts,Shopping,Gifts,€12.00,,,,2025-01-04T21:30:06.134Z,,
12/18/2024,terranova,Shopping → Gifts,Shopping,Gifts,€4.00,,,,2025-01-04T21:28:22.708Z,,
12/17/2024,drinks out ba,Dining → Bars & Drinks,Dining,Bars & Drinks,€18.10,,,,2025-01-04T21:29:40.013Z,,
12/17/2024,snacks,Dining → Restaurants,Dining,Restaurants,€12.40,,,,2025-01-04T21:31:11.759Z,,
12/12/2024,101,Shopping → Gifts,Shopping,Gifts,€14.28,,,,2025-01-04T21:31:42.414Z,,
12/12/2024,billa,Shopping → Groceries,Shopping,Groceries,€29.69,,,,2025-01-04T21:32:11.650Z,,
12/12/2024,pepco,Shopping → BB,Shopping,BB,€19.00,,,,2025-01-04T21:36:02.651Z,,
12/20/2024,gas,Automotive → Fuel,Automotive,Fuel,€61.50,,,,2025-01-04T21:39:18.412Z,,
12/14/2024,101,"Shopping → Clothing, Shoes & Accessories",Shopping,"Clothing, Shoes & Accessories",€10.99,,,,2025-01-04T21:46:30.004Z,,
12/16/2024,ryan supplements,Healthcare → Vitamins & Supplements,Healthcare,Vitamins & Supplements,€27.38,,,,2025-01-04T21:47:33.888Z,,
12/14/2024,alex diapers,Shopping → Alex,Shopping,Alex,€11.49,,,,2025-01-04T21:48:06.393Z,,
12/13/2024,bakery,Shopping → Groceries,Shopping,Groceries,€4.10,,,,2025-01-04T21:48:45.451Z,,
12/15/2024,drinks,Dining → Bars & Drinks,Dining,Bars & Drinks,€42.00,,,,2025-01-04T21:49:24.970Z,,
12/13/2024,lunch,Dining → Restaurants,Dining,Restaurants,€16.80,,,,2025-01-04T21:50:15.431Z,,
12/14/2024,whiskey,Shopping → Gifts,Shopping,Gifts,€51.19,,,,2025-01-04T21:52:44.111Z,,
12/6/2024,billa,Shopping → Groceries,Shopping,Groceries,€79.56,,,,2025-01-04T21:53:19.183Z,,
12/19/2024,billa,Shopping → Groceries,Shopping,Groceries,€11.56,,,,2025-01-04T21:56:42.343Z,,
12/11/2024,ryan creams,Shopping → Gifts,Shopping,Gifts,€46.89,,,,2025-01-04T21:57:31.487Z,,
12/11/2024,snacks,Shopping → Groceries,Shopping,Groceries,€2.15,,,,2025-01-04T21:58:06.766Z,,
12/11/2024,DM,Shopping → Health & Beauty,Shopping,Health & Beauty,€17.25,,,,2025-01-04T21:58:44.861Z,,
12/11/2024,albi,Shopping → Gifts,Shopping,Gifts,€36.95,,,,2025-01-04T21:59:21.498Z,,
12/11/2024,tiger,Shopping → Gifts,Shopping,Gifts,€8.50,,,,2025-01-04T22:00:48.301Z,,
12/10/2024,lunch kebab,Dining → Restaurants,Dining,Restaurants,€16.50,,,,2025-01-04T22:01:18.897Z,,
12/4/2024,tesco,Shopping → Groceries,Shopping,Groceries,€32.53,,,,2025-01-04T22:01:52.189Z,,
12/11/2024,decathlon,"Shopping → Clothing, Shoes & Accessories",Shopping,"Clothing, Shoes & Accessories",€45.90,,,,2025-01-04T22:02:43.371Z,,
12/22/2024,billa,Shopping → Groceries,Shopping,Groceries,€68.00,,,,2025-01-04T22:04:15.987Z,,
12/11/2024,mango,"Shopping → Clothing, Shoes & Accessories",Shopping,"Clothing, Shoes & Accessories",€41.98,,,,2025-01-04T22:03:53.536Z,,
12/20/2024,ryan meds,Healthcare → Medicine & Prescriptions,Healthcare,Medicine & Prescriptions,€7.60,,,,2025-01-04T22:04:43.583Z,,
12/21/2024,čečina,Home & Garden → Home Décor,Home & Garden,Home Décor,€7.50,,,,2025-01-04T22:05:13.644Z,,
12/23/2024,pepco,"Shopping → Clothing, Shoes & Accessories",Shopping,"Clothing, Shoes & Accessories",€13.30,,,,2025-01-04T22:06:30.864Z,,
12/23/2024,billla,Shopping → Groceries,Shopping,Groceries,€2.88,,,,2025-01-04T22:06:56.491Z,,
12/20/2024,gifts,Shopping → Gifts,Shopping,Gifts,€15.68,,,,2025-01-04T22:07:53.236Z,,
12/21/2024,cinemax snax,Dining → Coffee Shops,Dining,Coffee Shops,€22.40,,,,2025-01-04T22:08:32.072Z,,
12/20/2024,gifts,Shopping → Gifts,Shopping,Gifts,€17.45,,,,2025-01-04T22:09:02.662Z,,
12/26/2024,Javorina beers,Dining → Bars & Drinks,Dining,Bars & Drinks,€16.60,,,,2025-01-04T22:09:48.319Z,,
12/28/2024,U KLačkov lunch,Dining → Restaurants,Dining,Restaurants,€72.00,,,,2025-01-04T22:10:18.364Z,,
12/23/2024,billa,Shopping → Groceries,Shopping,Groceries,€28.57,,,,2025-01-04T22:10:55.099Z,,
12/23/2024,Nay,Shopping → Gifts,Shopping,Gifts,€16.00,,,,2025-01-04T22:11:24.441Z,,
12/27/2024,batteries,Shopping → Electronics,Shopping,Electronics,€15.54,,,,2025-01-04T22:12:12.636Z,,
12/31/2024,billa,Shopping → Groceries,Shopping,Groceries,€25.61,,,,2025-01-04T22:12:40.459Z,,
12/30/2024,tesco,Shopping → Office Supplies,Shopping,Office Supplies,€14.66,,,,2025-01-04T22:14:09.448Z,,
12/30/2024,Andiamo lunch,Dining → Restaurants,Dining,Restaurants,€24.10,,,,2025-01-04T22:14:37.416Z,,
12/30/2024,billa,Shopping → Groceries,Shopping,Groceries,€104.50,,,,2025-01-04T22:15:03.643Z,,
12/30/2024,pepco,Home & Garden → Home Décor,Home & Garden,Home Décor,€6.00,,,,2025-01-04T22:16:50.219Z,,
12/11/2024,train,Transportation → Trains,Transportation,Trains,€9.50,,,,2025-01-04T22:17:03.925Z,,
12/6/2024,train brno,Transportation → Trains,Transportation,Trains,€9.00,,,,2025-01-04T22:20:15.604Z,,
12/6/2024,"amazon - belts, spoons, xmas socks",Home & Garden → Home Décor,Home & Garden,Home Décor,€50.37,,,,2025-01-04T22:21:00.524Z,,
12/7/2024,drinks xmas market,Dining → Bars & Drinks,Dining,Bars & Drinks,€23.00,,,,2025-01-04T22:23:41.751Z,,
12/7/2024,brno lunch,Dining → Restaurants,Dining,Restaurants,€13.98,,,,2025-01-04T22:23:11.665Z,,
12/7/2024,brno flower decor,Home & Garden → Home Décor,Home & Garden,Home Décor,€30.00,,,,2025-01-04T22:24:16.513Z,,
12/10/2024,vinted,"Shopping → Clothing, Shoes & Accessories",Shopping,"Clothing, Shoes & Accessories",€25.05,,,,2025-01-04T22:25:29.575Z,,
12/10/2024,allegro mirror frame,Home & Garden → Home Décor,Home & Garden,Home Décor,€57.39,,,,2025-01-04T22:26:03.318Z,,
12/11/2024,lunch eurovea,Dining → Restaurants,Dining,Restaurants,€9.00,,,,2025-01-04T22:27:08.277Z,,
12/11/2024,bolt,Transportation → Buses,Transportation,Buses,€3.80,,,,2025-01-04T22:27:36.582Z,,
12/11/2024,coffeeshop,Dining → Coffee Shops,Dining,Coffee Shops,€10.00,,,,2025-01-04T22:27:59.417Z,,
12/13/2024,vinted dolls for BB,Shopping → Gifts,Shopping,Gifts,€42.12,,,,2025-01-04T22:30:00.251Z,,
12/13/2024,cinemax tix,Sports & Leisure → Movies,Sports & Leisure,Movies,€14.50,,,,2025-01-04T22:30:44.136Z,,
12/17/2024,train,Transportation → Trains,Transportation,Trains,€9.20,,,,2025-01-04T22:32:00.526Z,,
12/17/2024,vinted,"Shopping → Clothing, Shoes & Accessories",Shopping,"Clothing, Shoes & Accessories",€4.35,,,,2025-01-04T22:32:38.033Z,,
12/17/2024,zooplus free snacks,Shopping → Pets,Shopping,Pets,€12.71,,,,2025-01-04T22:33:02.732Z,,
12/18/2024,Zara gift card,Shopping → Gifts,Shopping,Gifts,€35.00,,,,2025-01-04T22:33:49.367Z,,
12/19/2024,vinted - ryan boots,"Shopping → Clothing, Shoes & Accessories",Shopping,"Clothing, Shoes & Accessories",€44.25,,,,2025-01-04T22:34:20.096Z,,
12/20/2024,??,Dining → Restaurants,Dining,Restaurants,€26.66,,,,2025-01-04T22:35:35.574Z,,
12/20/2024,asia store,Shopping → Gifts,Shopping,Gifts,€31.45,,,,2025-01-04T22:35:54.719Z,,
12/20/2024,decathlon ,"Shopping → Clothing, Shoes & Accessories",Shopping,"Clothing, Shoes & Accessories",€30.80,,,,2025-01-04T22:36:59.452Z,,
12/20/2024,dráčik,Shopping → Gifts,Shopping,Gifts,€24.98,,,,2025-01-04T22:37:19.860Z,,
12/20/2024,DM,Shopping → Health & Beauty,Shopping,Health & Beauty,€54.05,,,,2025-01-04T22:37:31.788Z,,
12/20/2024,parking,Automotive → Parking & Tolls,Automotive,Parking & Tolls,€7.00,,,,2025-01-04T22:37:51.729Z,,
12/20/2024,alza,Shopping → Gifts,Shopping,Gifts,€24.79,,,,2025-01-04T22:38:21.246Z,,
1/12/2025,Lidl,Shopping → Groceries,Shopping,Groceries,€76.89,,,,2025-01-18T11:02:33.764Z,,
1/12/2025,sports bra nada,"Shopping → Clothing, Shoes & Accessories",Shopping,"Clothing, Shoes & Accessories",€7.00,,,,2025-01-18T11:02:56.503Z,,
1/12/2025,Aquapark trnava ,Dining → Restaurants,Dining,Restaurants,€34.60,,,,2025-01-18T11:04:04.884Z,,
1/12/2025,Aquapark trnava tix,Sports & Leisure → Sporting Events,Sports & Leisure,Sporting Events,€34.00,,,,2025-01-18T11:04:52.855Z,,
1/12/2025,snacks,Shopping → Groceries,Shopping,Groceries,€11.37,,,,2025-01-18T11:05:55.734Z,,
1/10/2025,indoor playground NM tix,Sports & Leisure → Events,Sports & Leisure,Events,€20.00,,,,2025-01-18T11:07:17.680Z,,
1/10/2025,indoor playground NM food,Dining → Restaurants,Dining,Restaurants,€28.40,,,,2025-01-18T11:07:37.127Z,,
1/10/2025,book and calendar,Shopping → Books & Hobbies,Shopping,Books & Hobbies,€13.90,,,,2025-01-18T11:08:22.443Z,,
1/8/2025,coffeeshop,Dining → Coffee Shops,Dining,Coffee Shops,€6.00,,,,2025-01-18T11:08:54.243Z,,
1/8/2025,dobrodejka,Shopping → Groceries,Shopping,Groceries,€6.72,,,,2025-01-18T11:09:19.736Z,,
1/8/2025,pens,Shopping → Office Supplies,Shopping,Office Supplies,€3.50,,,,2025-01-18T11:09:49.381Z,,
1/7/2025,drogeria,Shopping → Health & Beauty,Shopping,Health & Beauty,€30.46,,,,2025-01-18T11:12:29.269Z,,
1/6/2025,Minifarma,Sports & Leisure → Events,Sports & Leisure,Events,€27.90,,,,2025-01-18T11:13:12.742Z,,
1/5/2025,cooltura,Dining → Coffee Shops,Dining,Coffee Shops,€8.00,,,,2025-01-18T11:13:41.571Z,,
1/7/2025,Dr Max supplements,Healthcare → Vitamins & Supplements,Healthcare,Vitamins & Supplements,€36.48,,,,2025-01-18T11:20:01.723Z,,
1/7/2025,gas,Automotive → Fuel,Automotive,Fuel,€71.45,,,,2025-01-18T11:16:04.161Z,,
1/7/2025,tesco,Shopping → Groceries,Shopping,Groceries,€38.95,,,,2025-01-18T11:17:52.382Z,,
1/3/2025,Ryan contacts,Healthcare → Medicine & Prescriptions,Healthcare,Medicine & Prescriptions,€40.87,,,,2025-01-18T11:20:34.811Z,,
1/3/2025,lunch,Shopping → Groceries,Shopping,Groceries,€4.78,,,,2025-01-18T11:21:52.734Z,,
1/2/2025,tesco,Shopping → Groceries,Shopping,Groceries,€6.39,,,,2025-01-18T11:22:30.936Z,,
1/4/2025,Ritmo drinks,Dining → Bars & Drinks,Dining,Bars & Drinks,€16.00,,,,2025-01-18T11:23:24.644Z,,
1/2/2025,Alex helmet,Shopping → Alex,Shopping,Alex,€3.95,,,,2025-01-18T11:24:15.756Z,,
1/2/2025,snacks,Shopping → Groceries,Shopping,Groceries,€3.40,,,,2025-01-18T11:25:14.489Z,,
1/3/2025,postage ,Other,Other,,€3.20,,,,2025-01-18T11:25:44.241Z,,
1/4/2025,billa,Shopping → Groceries,Shopping,Groceries,€25.81,,,,2025-01-18T11:26:15.140Z,,
1/14/2025,car stuff,Automotive → Maintenance & Repairs,Automotive,Maintenance & Repairs,€8.48,,,,2025-01-18T11:26:57.458Z,,
1/17/2025,billa,Shopping → Groceries,Shopping,Groceries,€16.75,,,,2025-01-18T11:28:21.974Z,,
1/14/2025,billa knives,Home & Garden → Home Décor,Home & Garden,Home Décor,€22.00,,,,2025-01-18T11:29:49.986Z,,
1/14/2025,billa,Shopping → Groceries,Shopping,Groceries,€10.00,,,,2025-01-18T11:30:19.454Z,,
1/15/2025,BB new botle,Shopping → BB,Shopping,BB,€2.50,,,,2025-01-18T11:31:15.470Z,,
1/3/2025,traffic fine,Automotive → Parking & Tolls,Automotive,Parking & Tolls,€10.00,,,,2025-01-18T11:31:46.632Z,,